,Date,Unix,Ticker,Price,stock_p_change,SP500,sp500_p_change,Difference,DE Ratio,Trailing P/E,Price/Sales,Price/Book,Profit Margin,Operating Margin,Return on Assets,Return on Equity,Revenue Per Share,Market Cap,Enterprise Value,Forward P/E,PEG Ratio,Enterprise Value/Revenue,Enterprise Value/EBITDA,Revenue,Gross Profit,EBITDA,Net Income Avl to Common ,Diluted EPS,Earnings Growth,Revenue Growth,Total Cash,Total Cash Per Share,Total Debt,Current Ratio,Book Value Per Share,Cash Flow,Beta,Held by Insiders,Held by Institutions,Shares Short (as of,Short Ratio,Short % of Float,Shares Short (prior ,Status
0,N/A,N/A,a,N/A,N/A,N/A,N/A,N/A,39.10,37.48,1.99,3.28,5.44,12.66,6.10,1.5,20.97,14120000000.0,13660000000.0,21.35,2.14,1.95,11.00,1.95,3590000000.0,1.5,485000000.0,1.12,63.10,1.80,2120000000.0,6.31,1660000000.0,3.94,12.62,42.05,1.5,0.26,85.00,2730000.0,1.10,0.90,2500000.0,N/A
1,N/A,N/A,aapl,N/A,N/A,N/A,N/A,N/A,29.52,16.97,3.62,5.87,22.25,29.67,15.22,1.5,33.42,729960000000.0,733700000000.0,13.39,1.12,3.67,10.84,3.67,70540000000.0,1.5,44460000000.0,7.39,37.90,29.50,32659999999.999996,5.61,36400000000.0,1.13,21.17,125.32,1.5,0.05,62.10,65739999.99999999,1.10,1.10,72720000.0,N/A
2,N/A,N/A,ace,N/A,N/A,N/A,N/A,N/A,25.51,13.21,1.89,1.23,14.88,18.52,2.30,1.5,57.13,36400000000.0,40710000000.0,11.55,1.89,2.12,11.13,2.12,5930000000.0,1.5,2850000000.0,8.42,44.40,6.90,3240000000.0,9.89,7550000000.0,0.44,90.02,111.20,1.5,0.65,92.30,3640000.0,3.30,1.10,3580000.0,N/A
3,N/A,N/A,acn,N/A,N/A,N/A,N/A,N/A,0.42,19.98,1.92,10.70,9.84,14.46,16.74,1.5,49.03,59160000000.0,54940000000.0,18.29,2.00,1.78,11.23,1.78,9680000000.0,1.5,3040000000.0,4.71,2.90,5.10,4059999999.9999995,6.49,27220000.0,1.47,8.75,94.18,1.5,0.32,83.30,18320000.0,7.70,2.90,16920000.0,N/A
4,N/A,N/A,adbe,N/A,N/A,N/A,N/A,N/A,28.86,124.07,8.80,5.68,7.20,12.40,3.11,1.5,8.54,37750000000.0,36590000000.0,23.50,2.25,8.60,43.37,8.60,3520000000.0,1.5,306240000.0,0.61,80.40,10.90,3180000000.0,6.35,1900000000.0,2.22,13.21,75.68,1.5,5.31,86.60,3670000.0,1.80,0.80,3180000.0,N/A
5,N/A,N/A,adi,N/A,N/A,N/A,N/A,N/A,18.95,30.07,6.48,4.06,21.79,30.11,8.57,1.5,9.61,19400000000.0,17430000000.0,19.27,1.93,5.80,16.19,5.80,1830000000.0,1.5,655490000.0,2.07,17.20,22.90,2870000000.0,9.22,911030000.0,6.01,15.42,62.24,1.5,0.91,85.60,5180000.0,3.00,1.70,6130000.0,N/A
6,N/A,N/A,adm,N/A,N/A,N/A,N/A,N/A,28.99,13.80,0.37,1.54,2.77,3.52,4.07,1.5,124.35,30030000000.0,34110000000.0,13.01,1.57,0.42,9.08,0.42,4770000000.0,1.5,2250000000.0,3.43,87.40,13.50,1610000000.0,2.55,5690000000.0,1.67,30.73,47.35,1.5,2.11,76.20,9520000.0,3.00,1.50,8340000.0,N/A
7,N/A,N/A,adp,N/A,N/A,N/A,N/A,N/A,0.19,28.87,3.22,7.41,11.42,18.36,3.53,1.5,26.33,40830000000.0,38880000000.0,25.96,2.93,3.09,14.65,3.09,4990000000.0,1.5,1560000000.0,2.98,12.10,6.70,1950000000.0,4.11,10300000.0,1.06,11.51,85.92,1.5,0.14,76.10,5030000.0,2.50,1.00,5490000.0,N/A
8,N/A,N/A,adt,N/A,N/A,N/A,N/A,N/A,170.33,24.82,2.06,2.32,8.65,21.07,4.43,1.5,19.58,7150000000.0,12340000000.0,18.73,2.98,3.57,6.91,3.57,1950000000.0,1.5,299000000.0,1.68,6.50,5.70,70000000.0,0.41,5260000000.0,0.67,17.98,41.77,1.5,0.26,111.50,36370000.0,20.40,25.40,36250000.0,N/A
9,N/A,N/A,aet,N/A,N/A,N/A,N/A,N/A,66.04,18.86,0.64,2.58,3.52,7.08,4.98,1.5,163.16,37360000000.0,43080000000.0,13.33,1.57,0.74,9.10,0.74,15090000000.0,1.5,2040000000.0,5.68,37.10,12.10,3890000000.0,11.16,9610000000.0,0.76,41.40,107.15,1.5,0.41,91.60,4300000.0,1.90,1.30,3850000.0,N/A
10,N/A,N/A,aig,N/A,N/A,N/A,N/A,N/A,29.10,10.59,1.18,0.71,11.84,18.06,1.36,1.5,44.53,75680000000.0,93890000000.0,9.88,1.19,1.48,5.89,1.48,30800000000.0,1.5,7580000000.0,5.21,66.90,10.10,13000000000.0,9.47,31220000000.0,2.08,77.69,55.14,1.5,0.06,86.20,16190000.000000002,1.70,1.10,12900000.0,N/A
11,N/A,N/A,all,N/A,N/A,N/A,N/A,N/A,23.29,11.40,0.84,1.45,8.09,13.20,2.51,1.5,81.69,29750000000.0,31750000000.0,11.52,1.84,0.90,6.33,0.90,13130000000.0,1.5,2750000000.0,6.27,0.40,0.40,3200000000.0,7.68,5190000000.0,0.81,49.18,71.45,1.5,0.17,79.80,4800000.0,2.30,1.10,4460000.0,N/A
12,N/A,N/A,altr,N/A,N/A,N/A,N/A,N/A,45.43,28.36,6.60,3.90,24.46,28.12,5.82,1.5,6.24,12970000000.0,11880000000.0,22.33,2.49,6.15,19.50,6.15,1280000000.0,1.5,472660000.0,1.52,12.30,5.60,2580000000.0,8.57,1490000000.0,5.72,10.87,43.10,1.5,0.32,92.50,9820000.0,4.60,3.30,11330000.0,N/A
13,N/A,N/A,amgn,N/A,N/A,N/A,N/A,N/A,119.15,23.27,5.94,4.63,25.71,34.21,6.35,1.5,26.43,118290000000.0,121980000000.0,14.87,1.51,6.08,13.70,6.08,15640000000.0,1.5,5160000000.0,6.70,26.70,6.40,27030000000.0,35.61,30720000000.0,4.95,33.90,155.88,1.5,0.10,82.20,10200000.0,3.30,1.50,10320000.0,N/A
14,N/A,N/A,amp,N/A,N/A,N/A,N/A,N/A,121.06,15.69,1.94,2.94,13.17,29.41,1.54,1.5,64.18,23760000000.0,30040000000.0,11.68,0.79,2.44,7.76,2.44,10310000000.0,1.5,1620000000.0,8.30,43.60,4.80,4980000000.0,27.30,11260000000.0,2.18,44.37,130.19,1.5,0.36,89.60,2920000.0,3.40,1.60,2790000.0,N/A
15,N/A,N/A,amt,N/A,N/A,N/A,N/A,N/A,360.41,48.39,9.33,9.68,20.12,37.87,4.66,1.5,10.36,38390000000.0,52690000000.0,17.60,1.57,12.85,20.61,12.85,3010000000.0,1.5,801020000.0,2.00,80.40,11.10,313490000.0,0.79,14610000000.0,0.49,9.97,96.78,1.5,0.11,96.70,6340000.0,1.60,1.60,5240000.0,N/A
16,N/A,N/A,anf,N/A,N/A,N/A,N/A,N/A,24.75,31.30,0.41,1.11,1.38,4.90,4.28,1.5,52.16,1540000000.0,1370000000.0,18.21,1.41,0.37,3.34,0.37,2580000000.0,1.5,51820000.0,0.71,32.90,13.80,520710000.00000006,7.49,343930000.0,2.40,20.04,22.22,1.5,2.14,108.80,23350000.0,5.10,44.10,19850000.0,N/A
17,N/A,N/A,ann,N/A,N/A,N/A,N/A,N/A,0.59,28.06,0.72,3.57,2.68,5.10,7.71,1.5,56.09,1840000000.0,1630000000.0,17.30,1.71,0.65,6.80,0.65,1290000000.0,1.5,66599999.99999999,1.46,94.40,3.90,207710000.0,4.63,3000000.0,1.81,11.39,40.99,1.5,2.78,94.40,2150000.0,2.40,4.70,2009999.9999999998,N/A
18,N/A,N/A,aon,N/A,N/A,N/A,N/A,N/A,84.18,20.74,2.24,4.10,11.62,16.43,4.11,1.5,41.09,27080000000.0,32060000000.000004,14.17,1.34,2.67,12.48,2.67,12040000000.0,1.5,1380000000.0,4.66,29.30,2.80,599000000.0,2.14,5580000000.0,1.05,23.47,96.63,1.5,0.75,91.10,1820000.0,1.70,0.60,2230000.0,N/A
19,N/A,N/A,apd,N/A,N/A,N/A,N/A,N/A,78.55,31.73,3.08,4.37,9.82,16.30,5.99,1.5,49.01,32360000000.0,38220000000.0,20.63,1.94,3.66,14.36,3.66,2800000000.0,1.5,1020000000.0,4.76,11.90,0.60,264300000.0,1.23,6120000000.0,1.05,34.31,151.04,1.5,0.25,87.60,3410000.0,4.40,1.60,3430000.0,N/A
20,N/A,N/A,arg,N/A,N/A,N/A,N/A,N/A,118.80,21.72,1.50,3.78,7.00,12.27,6.88,1.5,70.85,7950000000.0,10350000000.0,19.92,2.21,1.96,10.67,1.96,2820000000.0,1.5,368720000.0,4.87,12.60,7.20,73590000.0,0.98,2480000000.0,1.21,27.79,105.78,1.5,9.93,83.30,1470000.0,3.20,2.20,1700000.0,N/A
21,N/A,N/A,avy,N/A,N/A,N/A,N/A,N/A,107.79,20.41,0.76,4.49,3.93,7.83,6.91,1.5,67.49,4800000000.0,5700000000.0,14.21,1.88,0.90,8.62,0.90,1650000000.0,1.5,251100000.0,2.60,66.00,1.30,244100000.0,2.70,1150000000.0,1.20,11.79,53.00,1.5,0.45,89.30,3080000.0,5.80,3.40,4830000.0,N/A
22,N/A,N/A,ba,N/A,N/A,N/A,N/A,N/A,103.19,20.23,1.15,12.12,6.00,7.93,4.69,1.5,124.74,105150000000.0,101170000000.0,16.16,1.38,1.12,11.12,1.12,14010000000.0,1.5,5440000000.0,7.38,18.90,2.90,13050000000.0,18.53,9070000000.0,1.20,12.26,149.28,1.5,0.08,9.90,14970000.0,3.20,2.60,13310000.0,N/A
23,N/A,N/A,bbby,N/A,N/A,N/A,N/A,N/A,47.03,15.54,1.18,4.36,8.25,13.19,13.95,1.5,60.52,13980000000.0,14300000000.0,14.14,1.95,1.22,8.00,1.22,4570000000.0,1.5,969710000.0,4.94,5.00,2.70,1180000000.0,6.48,1500000000.0,2.29,17.53,76.80,1.5,8.10,88.40,12990000.0,7.80,6.60,12710000.0,N/A
24,N/A,N/A,bcr,N/A,N/A,N/A,N/A,N/A,81.99,44.66,3.69,6.86,8.86,24.46,10.03,1.5,43.96,12470000000.0,12990000000.0,16.88,1.62,3.91,13.27,3.91,2060000000.0,1.5,289700000.0,3.76,79.90,9.60,960100000.0,12.93,1480000000.0,3.33,24.10,167.93,1.5,0.40,94.00,2190000.0,3.80,3.00,2230000.0,N/A
25,N/A,N/A,bdx,N/A,N/A,N/A,N/A,N/A,200.12,24.26,3.23,5.40,13.58,19.47,6.75,1.5,43.89,27250000000.0,28600000000.0,16.54,3.40,3.38,13.20,3.38,4300000000.0,1.5,1150000000.0,5.82,12.90,1.80,8790000000.0,45.58,10140000000.0,5.82,26.27,141.23,1.5,0.33,86.70,7510000.0,6.60,3.90,7400000.0,N/A
26,N/A,N/A,ben,N/A,N/A,N/A,N/A,N/A,17.17,13.79,3.78,2.77,27.79,37.81,12.40,1.5,13.56,32080000000.0,24810000000.0,13.09,3.14,2.94,7.65,2.94,8439999999.999999,1.5,2330000000.0,3.74,6.20,2.10,9370000000.0,15.07,2100000000.0,5.93,18.57,51.59,1.5,37.10,50.70,9490000.0,5.10,2.40,9170000.0,N/A
27,N/A,N/A,biib,N/A,N/A,N/A,N/A,N/A,5.41,33.34,10.01,8.98,30.25,40.90,18.94,1.5,41.04,96760000000.0,95500000000.0,20.76,1.38,9.85,20.74,9.85,8529999999.999999,1.5,2930000000.0,12.37,93.20,34.30,1850000000.0,7.87,585200000.0,2.11,46.08,412.44,1.5,0.10,92.90,3590000.0,2.80,1.70,3410000.0,N/A
28,N/A,N/A,blk,N/A,N/A,N/A,N/A,N/A,152.55,19.03,5.46,2.21,29.73,40.38,1.22,1.5,65.87,61160000000.0,63010000000.0,15.78,1.34,5.69,13.26,5.69,10850000000.0,1.5,3290000000.0,19.25,3.30,0.30,40130000000.0,240.39,41980000000.0,1.14,163.95,366.40,1.5,2.28,87.70,1440000.0,2.70,1.10,1570000.0,N/A
29,N/A,N/A,bll,N/A,N/A,N/A,N/A,N/A,255.64,21.33,1.13,9.32,5.48,10.73,7.46,1.5,61.87,9670000000.0,12640000000.0,16.72,1.22,1.48,10.54,1.48,1670000000.0,1.5,470000000.0,3.30,39.00,1.80,191400000.0,1.39,3170000000.0,1.15,7.54,70.38,1.5,1.24,77.60,5410000.0,3.40,4.00,4680000.0,N/A
30,N/A,N/A,bmy,N/A,N/A,N/A,N/A,N/A,52.29,52.69,6.65,7.11,12.62,20.09,5.51,1.5,9.58,105100000000.0,105500000000.0,27.61,2.28,6.64,26.25,6.64,11950000000.0,1.5,2000000000.0,1.20,98.20,4.10,7440000000.0,4.47,7840000000.0,1.73,8.94,63.23,1.5,0.13,71.80,25890000.0,4.00,1.60,22670000.0,N/A
31,N/A,N/A,brcm,N/A,N/A,N/A,N/A,N/A,17.60,39.10,3.03,2.82,7.74,14.84,6.53,1.5,14.29,25300000000.0,23280000000.0,13.89,1.37,2.76,14.17,2.76,4330000000.0,1.5,652000000.0,1.08,132.10,0.30,3610000000.0,6.02,1590000000.0,3.27,15.11,42.23,1.5,0.37,85.80,6940000.0,1.40,1.30,5040000.0,N/A
32,N/A,N/A,ca,N/A,N/A,N/A,N/A,N/A,24.37,17.73,3.21,2.46,18.12,28.15,6.86,1.5,10.06,14140000000.0,12850000000.0,12.88,2.26,2.90,9.34,2.90,3860000000.0,1.5,770000000.0,1.80,4.30,3.30,2680000000.0,6.06,1400000000.0,1.34,13.09,31.93,1.5,28.35,62.60,14780000.0,5.90,4.60,13830000.0,N/A
33,N/A,N/A,cam,N/A,N/A,N/A,N/A,N/A,56.61,11.46,0.85,1.94,7.81,12.35,5.90,1.5,50.89,8780000000.0,10240000000.0,16.67,0.94,0.99,6.24,0.99,2920000000.0,1.5,785000000.0,3.96,14.50,2.70,1630000000.0,8.39,3080000000.0,1.77,23.36,45.34,1.5,1.03,97.20,6120000.0,2.20,3.20,5530000.0,N/A
34,N/A,N/A,cat,N/A,N/A,N/A,N/A,N/A,233.53,13.65,0.87,2.88,6.70,10.52,4.28,1.5,89.41,48640000000.0,81610000000.0,15.95,1.75,1.48,9.10,1.48,14790000000.0,1.5,3700000000.0,5.88,24.50,1.10,6320000000.0,10.42,39290000000.0,1.39,27.63,80.24,1.5,0.25,66.10,30610000.0,6.00,5.50,26560000.0,N/A
35,N/A,N/A,cb,N/A,N/A,N/A,N/A,N/A,20.25,11.76,1.66,1.44,14.94,21.84,3.77,1.5,57.87,23390000000.0,25330000000.0,12.92,3.05,1.80,8.11,1.80,7110000000.0,1.5,2100000000.0,8.62,1.90,0.10,1360000000.0,5.91,3300000000.0,0.49,70.11,101.33,1.5,0.31,83.40,9150000.0,8.20,4.00,8860000.0,N/A
36,N/A,N/A,cbg,N/A,N/A,N/A,N/A,N/A,105.33,26.82,1.40,5.59,5.35,8.21,6.34,1.5,27.37,12660000000.0,14280000000.0,17.44,1.60,1.58,14.16,1.58,999700000.0,1.5,484500000.0,1.45,78.20,24.80,804350000.0,2.47,2420000000.0,1.23,6.94,38.89,1.5,1.28,95.90,2089999.9999999998,1.50,0.70,1990000.0,N/A
37,N/A,N/A,cce,N/A,N/A,N/A,N/A,N/A,276.17,17.03,1.27,7.43,8.02,13.31,7.61,1.5,33.46,10560000000.0,14290000000.0,15.66,2.60,1.73,10.19,1.73,2970000000.0,1.5,663000000.0,2.63,17.00,5.30,223000000.0,0.95,3950000000.0,0.94,5.99,44.78,1.5,7.88,86.10,2570000.0,0.90,1.10,1790000.0,N/A
38,N/A,N/A,celg,N/A,N/A,N/A,N/A,N/A,105.37,47.83,11.96,14.05,26.07,35.16,10.97,1.5,9.56,91520000000.0,90840000000.0,18.09,0.93,11.84,29.59,11.84,7280000000.0,1.5,2000000000.0,2.39,186.30,18.80,7550000000.0,9.43,6880000000.0,4.60,8.15,114.31,1.5,0.24,82.10,14540000.0,3.20,1.80,12780000.0,N/A
39,N/A,N/A,cern,N/A,N/A,N/A,N/A,N/A,3.66,48.51,7.55,7.01,15.86,23.04,11.05,1.5,9.68,24930000000.0,23640000000.0,28.76,1.60,7.14,24.57,7.14,2800000000.0,1.5,525429999.99999994,1.50,146.20,16.90,1420000000.0,4.15,130330000.00000001,3.70,10.42,72.77,1.5,11.27,85.60,14450000.0,9.50,4.70,14490000.0,N/A
40,N/A,N/A,chrw,N/A,N/A,N/A,N/A,N/A,105.54,23.39,0.78,10.07,3.34,5.56,15.55,1.5,91.51,10440000000.0,11410000000.0,18.97,2.48,0.85,14.33,0.85,2009999999.9999998,1.5,449710000.0,3.05,21.50,6.50,128940000.0,0.88,1100000000.0,1.34,7.15,71.33,1.5,0.70,82.90,15030000.0,11.20,10.30,13850000.0,N/A
41,N/A,N/A,ci,N/A,N/A,N/A,N/A,N/A,47.36,16.66,0.97,3.14,6.02,10.22,4.05,1.5,132.31,33720000000.0,37290000000.0,13.89,1.37,1.07,9.60,1.07,13580000000.0,1.5,2100000000.0,7.83,29.40,10.10,1580000000.0,6.13,5150000000.0,1.01,41.55,130.47,1.5,2.73,89.20,2780000.0,1.80,1.10,2500000.0,N/A
42,N/A,N/A,cl,N/A,N/A,N/A,N/A,N/A,444.04,29.38,3.63,54.70,12.62,24.33,19.15,1.5,18.88,62890000000.0,67940000000.0,21.33,2.84,3.93,14.62,3.93,10110000000.0,1.5,2180000000.0,2.36,11.30,3.20,1290000000.0,1.42,6150000000.0,1.23,1.26,69.33,1.5,0.28,73.30,8350000.0,3.20,1.00,7370000.0,N/A
43,N/A,N/A,clx,N/A,N/A,N/A,N/A,N/A,950.89,27.86,2.56,51.23,9.26,17.55,13.64,1.5,43.51,14460000000.0,16309999999.999998,22.82,3.52,2.89,14.26,2.89,2360000000.0,1.5,578000000.0,3.96,8.70,2.80,819000000.0,6.24,2670000000.0,1.09,2.15,110.20,1.5,0.25,77.90,7290000.0,9.40,5.70,7000000.0,N/A
44,N/A,N/A,cmcsa,N/A,N/A,N/A,N/A,N/A,89.10,18.11,2.11,2.75,12.19,22.02,5.95,1.5,26.63,147230000000.0,190950000000.0,15.79,1.05,2.78,8.24,2.78,47860000000.0,1.5,8380000000.000001,3.20,0.60,4.80,4510000000.0,1.78,48230000000.0,0.78,20.74,57.94,1.5,0.14,86.80,96580000.0,7.20,4.50,98760000.0,N/A
45,N/A,N/A,cmi,N/A,N/A,N/A,N/A,N/A,20.98,15.17,1.29,3.20,8.59,10.68,8.41,1.5,105.24,24780000000.0,24080000000.0,12.17,1.11,1.25,9.61,1.25,4860000000.0,1.5,1650000000.0,9.02,2.80,10.90,2390000000.0,13.22,1700000000.0,2.25,42.79,136.82,1.5,0.21,83.40,4950000.0,2.70,3.00,3010000.0,N/A
46,N/A,N/A,cnp,N/A,N/A,N/A,N/A,N/A,194.75,14.59,0.97,1.96,6.62,10.13,2.59,1.5,21.47,8910000000.0,16530000000.000002,17.71,12.08,1.79,8.49,1.79,2340000000.0,1.5,611000000.0,1.42,55.80,8.60,1230000000.0,2.86,8860000000.0,0.94,10.58,20.72,1.5,0.62,79.00,7400000.0,1.60,1.80,6760000.0,N/A
47,N/A,N/A,cnx,N/A,N/A,N/A,N/A,N/A,61.71,41.26,1.83,1.20,4.66,9.77,1.85,1.5,15.21,6700000000.0,9810000000.0,23.27,2.91,2.80,10.75,2.80,1500000000.0,1.5,168780000.0,0.71,90.00,11.30,176990000.0,0.77,3290000000.0,1.02,23.15,29.09,1.5,0.78,99.30,22300000.0,6.30,13.10,20490000.0,N/A
48,N/A,N/A,coh,N/A,N/A,N/A,N/A,N/A,0.79,20.40,2.55,4.56,12.65,21.23,16.66,1.5,16.32,11550000000.0,10500000000.0,20.83,5.59,2.34,9.21,2.34,3300000000.0,1.5,568640000.0,2.05,38.30,14.10,1060000000.0,3.86,20000000.0,2.72,9.13,41.86,1.5,0.91,89.30,21360000.0,4.20,7.80,24520000.0,N/A
49,N/A,N/A,col,N/A,N/A,N/A,N/A,N/A,133.74,20.40,2.47,6.83,12.43,18.83,8.52,1.5,38.28,12700000000.0,14880000000.0,16.90,1.64,2.89,12.84,2.89,1510000000.0,1.5,653000000.0,4.70,27.50,16.30,315000000.0,2.38,2500000000.0,1.39,14.07,95.97,1.5,0.41,0.10,3620000.0,4.40,3.10,3540000.0,N/A
50,N/A,N/A,cost,N/A,N/A,N/A,N/A,N/A,48.25,29.67,0.57,6.48,1.96,3.01,6.67,1.5,263.39,66709999999.99999,64290000000.00001,26.56,2.79,0.56,14.14,0.56,14180000000.0,1.5,2260000000.0,5.11,29.20,4.40,7450000000.0,16.94,5030000000.0,0.99,23.19,151.63,1.5,0.81,75.70,5110000.0,2.60,1.20,6800000.0,N/A
51,N/A,N/A,cpb,N/A,N/A,N/A,N/A,N/A,259.64,19.36,1.75,9.52,9.17,14.22,9.22,1.5,26.51,14540000000.0,18270000000.0,18.80,7.35,2.20,12.28,2.20,2900000000.0,1.5,762000000.0,2.41,36.30,2.10,201000000.0,0.65,3930000000.0,0.73,4.89,46.63,1.5,43.55,42.60,13180000.0,6.90,7.50,12920000.0,N/A
52,N/A,N/A,csco,N/A,N/A,N/A,N/A,N/A,35.55,16.21,2.89,2.41,18.00,24.09,7.12,1.5,9.39,138490000000.0,105990000000.0,12.00,1.54,2.20,7.58,2.20,27770000000.0,1.5,8650000000.0,1.67,67.70,7.00,53020000000.0,10.39,20520000000.0,3.39,11.30,27.13,1.5,0.07,74.90,39390000.0,1.40,0.80,41210000.0,N/A
53,N/A,N/A,csx,N/A,N/A,N/A,N/A,N/A,87.17,17.35,2.62,2.97,15.21,28.52,6.97,1.5,12.66,33009999999.999996,41790000000.0,13.94,1.58,3.30,8.77,3.30,8570000000.0,1.5,1930000000.0,1.92,15.30,5.30,961000000.0,0.97,9740000000.0,1.22,11.25,33.32,1.5,0.43,67.40,7010000.0,1.00,0.70,6290000.0,N/A
54,N/A,N/A,ctas,N/A,N/A,N/A,N/A,N/A,63.49,21.92,2.05,4.56,9.95,14.82,9.63,1.5,38.77,9460000000.0,10260000000.0,22.11,1.98,2.26,12.28,2.26,1910000000.0,1.5,430460000.0,3.77,12.20,1.90,490190000.0,4.29,1300000000.0,2.70,17.91,82.69,1.5,17.25,77.90,5550000.0,12.30,6.50,5400000.0,N/A
55,N/A,N/A,ctl,N/A,N/A,N/A,N/A,N/A,137.60,26.09,1.12,1.34,4.28,14.37,3.18,1.5,31.72,20070000000.0,40610000000.0,14.29,138.90,2.25,5.88,2.25,10180000000.0,1.5,772000000.0,1.36,21.30,2.30,128000000.0,0.23,20670000000.0,0.91,26.42,35.43,1.5,0.51,75.90,37480000.0,7.80,7.50,38460000.0,N/A
56,N/A,N/A,ctsh,N/A,N/A,N/A,N/A,N/A,21.16,26.63,3.68,4.88,14.02,18.37,11.87,1.5,16.88,38140000000.0,36010000000.0,18.40,1.24,3.51,17.20,3.51,4120000000.0,1.5,1440000000.0,2.35,11.90,16.40,3770000000.0,6.19,1640000000.0,2.60,12.70,62.57,1.5,0.53,94.10,6750000.0,1.90,1.10,6450000.0,N/A
57,N/A,N/A,de,N/A,N/A,N/A,N/A,N/A,444.88,11.01,0.85,3.61,8.24,12.21,4.58,1.5,97.80,29870000000.0,63120000000.0,16.57,7.39,1.81,11.59,1.81,11290000000.0,1.5,2870000000.0,7.99,43.20,16.60,3440000000.0,10.15,36700000000.0,2.29,24.29,87.98,1.5,8.37,65.80,30200000.0,9.90,8.80,29230000.0,N/A
58,N/A,N/A,dg,N/A,N/A,N/A,N/A,N/A,48.00,21.65,1.21,4.00,5.63,9.44,10.10,1.5,62.07,22930000000.0,25090000000.0,16.61,1.43,1.33,11.79,1.33,5800000000.0,1.5,1070000000.0000001,3.49,10.30,9.90,579820000.0,1.91,2740000000.0,1.78,18.82,75.56,1.5,0.18,93.80,4099999.9999999995,1.10,1.30,4160000.0,N/A
59,N/A,N/A,dgx,N/A,N/A,N/A,N/A,N/A,87.53,19.87,1.47,2.53,7.48,14.73,7.27,1.5,51.28,10940000000.0,14540000000.0,14.75,1.70,1.96,10.32,1.96,2800000000.0,1.5,549000000.0,3.81,32.90,7.20,192000000.0,1.33,3790000000.0,0.94,29.87,75.80,1.5,0.36,103.00,17830000.0,14.10,12.40,16810000.0,N/A
60,N/A,N/A,dhi,N/A,N/A,N/A,N/A,N/A,70.80,18.92,1.19,1.96,6.39,10.61,5.96,1.5,24.67,10600000000.0,13810000000.0,13.31,1.41,1.60,14.36,1.60,1590000000.0,1.5,552800000.0,1.53,15.70,37.80,517700000.00000006,1.42,3730000000.0,7.29,14.40,29.01,1.5,10.68,85.40,12380000.0,3.40,3.70,12690000.0,N/A
61,N/A,N/A,dhr,N/A,N/A,N/A,N/A,N/A,14.81,23.17,2.97,2.53,13.05,18.09,6.28,1.5,28.36,59420000000.0,59890000000.0,17.72,2.15,3.01,13.19,3.01,10440000000.0,1.5,2600000000.0,3.63,16.20,2.90,3010000000.0,4.26,3470000000.0,1.75,33.19,84.19,1.5,23.04,69.20,7000000.0,2.90,1.30,5870000.0,N/A
62,N/A,N/A,dis,N/A,N/A,N/A,N/A,N/A,34.61,23.57,3.59,4.06,15.72,24.22,8.87,1.5,28.93,180150000000.0,191620000000.0,19.13,1.45,3.84,13.30,3.84,22390000000.0,1.5,7840000000.0,4.50,18.60,8.80,5080000000.0,2.99,16540000000.0,1.03,25.98,106.00,1.5,7.73,64.90,43740000.0,8.00,2.60,42670000.0,N/A
63,N/A,N/A,dks,N/A,N/A,N/A,N/A,N/A,0.35,20.59,0.98,3.65,5.05,8.43,11.03,1.5,57.15,6890000000.0,6730000000.0,16.29,1.40,0.99,8.93,0.99,2089999999.9999998,1.5,344200000.0,2.84,12.20,10.90,221680000.0,1.87,6450000.0,1.65,15.56,58.48,1.5,1.55,91.90,1930000.0,1.50,2.00,1870000.0,N/A
64,N/A,N/A,dlph,N/A,N/A,N/A,N/A,N/A,81.35,18.12,1.34,9.16,7.94,11.74,11.46,1.5,56.69,23560000000.0,25110000000.0,12.87,1.10,1.48,9.74,1.48,3170000000.0,1.5,1350000000.0,4.48,15.40,0.70,904000000.0,3.11,2450000000.0,1.34,8.61,81.18,1.5,0.83,95.70,2630000.0,1.60,0.90,2690000.0,N/A
65,N/A,N/A,do,N/A,N/A,N/A,N/A,N/A,50.42,9.77,1.35,0.83,14.14,24.72,5.15,1.5,19.91,3760000000.0,5760000000.0,48.16,15.13,2.10,5.08,2.10,2740000000.0,1.5,387010000.0,2.81,6.70,4.70,249660000.0,1.82,2240000000.0,1.05,32.46,27.45,1.5,0.02,102.10,13360000.0,6.50,19.90,13260000.0,N/A
66,N/A,N/A,dov,N/A,N/A,N/A,N/A,N/A,81.90,15.17,1.46,3.06,10.00,16.30,7.92,1.5,46.51,11360000000.0,13710000000.0,13.80,1.62,1.77,8.73,1.77,2970000000.0,1.5,778140000.0,4.59,12.70,13.80,681580000.0,4.18,3030000000.0,1.54,22.70,69.68,1.5,0.87,88.00,10650000.0,7.50,6.70,9820000.0,N/A
67,N/A,N/A,dps,N/A,N/A,N/A,N/A,N/A,113.34,21.94,2.47,6.60,11.49,19.25,8.94,1.5,31.26,15070000000.0,17430000000.0,18.82,2.64,2.85,12.48,2.85,3630000000.0,1.5,703000000.0,3.56,3.80,3.10,248000000.0,1.29,2600000000.0,1.17,11.89,78.12,1.5,0.39,97.10,8250000.0,5.70,4.20,7640000.0,N/A
68,N/A,N/A,dva,N/A,N/A,N/A,N/A,N/A,137.39,24.20,1.35,3.34,5.66,14.15,6.45,1.5,60.20,17390000000.0,24590000000.0,19.70,2.64,1.92,10.25,1.92,3680000000.0,1.5,723110000.0,3.33,2.00,8.50,1300000000.0,6.04,8500000000.0,1.86,23.98,80.59,1.5,2.76,83.60,5500000.0,2.80,3.20,3790000.0,N/A
69,N/A,N/A,ecl,N/A,N/A,N/A,N/A,N/A,89.32,28.85,2.38,4.65,8.42,14.27,6.52,1.5,47.59,33930000000.0,40310000000.0,21.59,1.71,2.82,13.85,2.82,6600000000.0,1.5,1200000000.0,3.93,16.90,3.40,209600000.0,0.70,6590000000.0,1.11,24.39,113.37,1.5,9.59,76.30,6780000.0,4.70,2.60,7100000.0,N/A
70,N/A,N/A,el,N/A,N/A,N/A,N/A,N/A,36.28,28.96,2.87,8.25,10.36,15.51,13.52,1.5,28.62,31800000000.0,31460000000.0,25.56,3.22,2.87,15.00,2.87,8810000000.0,1.5,1130000000.0,2.90,0.70,0.90,1370000000.0,3.63,1390000000.0,2.17,10.08,84.10,1.5,2.97,90.10,6190000.0,3.50,2.70,5510000.0,N/A
71,N/A,N/A,emc,N/A,N/A,N/A,N/A,N/A,23.36,19.41,2.07,2.31,11.11,18.20,6.06,1.5,12.05,50760000000.0,47930000000.0,11.66,1.22,1.96,8.22,1.96,15250000000.0,1.5,2710000000.0,1.32,12.10,5.50,8320000000.0,4.18,5500000000.0,1.34,11.03,25.53,1.5,0.20,83.10,26290000.0,1.70,1.30,27390000.0,N/A
72,N/A,N/A,emr,N/A,N/A,N/A,N/A,N/A,70.88,17.74,1.56,4.05,9.01,17.32,11.10,1.5,35.17,38060000000.0,41710000000.0,13.95,1.89,1.70,8.36,1.70,10160000000.0,1.5,2210000000.0,3.13,13.60,0.30,3120000000.0,4.56,6770000000.0,1.18,13.81,55.54,1.5,0.61,72.30,23290000.0,5.10,3.40,21750000.0,N/A
73,N/A,N/A,eog,N/A,N/A,N/A,N/A,N/A,33.37,17.43,3.00,2.82,17.47,28.36,9.06,1.5,30.72,50850000000.0,54670000000.0,47.30,111.78,3.28,5.77,3.28,15500000000.0,1.5,2920000000.0,5.32,23.40,6.30,2089999999.9999998,3.81,5910000000.0,1.60,32.31,92.71,1.5,0.46,93.30,9480000.0,1.80,1.70,9280000.0,N/A
74,N/A,N/A,eqr,N/A,N/A,N/A,N/A,N/A,96.88,45.27,10.79,2.73,24.14,35.24,2.52,1.5,7.24,28490000000.0,39520000000.0,21.28,2.92,15.11,23.47,15.11,1730000000.0,1.5,625580000.0,1.73,96.20,4.00,42010000.0,0.12,10860000000.0,0.13,28.44,78.31,1.5,1.58,100.00,4230000.0,2.40,1.30,4760000.0,N/A
75,N/A,N/A,etn,N/A,N/A,N/A,N/A,N/A,57.10,18.00,1.40,2.00,7.95,11.54,4.71,1.5,47.57,31670000000.0,39690000000.0,12.63,1.51,1.76,11.07,1.76,6910000000.0,1.5,1790000000.0,3.76,21.30,0.70,1030000000.0,2.19,9040000000.0,1.51,33.74,67.68,1.5,0.33,75.90,4110000.0000000005,2.00,0.90,4260000.0,N/A
76,N/A,N/A,etr,N/A,N/A,N/A,N/A,N/A,136.05,14.88,1.12,1.39,7.53,17.66,3.07,1.5,69.61,13960000000.0,26880000000.0,14.79,11.26,2.15,6.62,2.15,4370000000.0,1.5,940720000.0,5.22,18.20,5.20,1420000000.0,7.91,14030000000.0,1.14,55.83,77.67,1.5,0.40,87.90,3990000.0,3.00,2.20,3580000.0,N/A
77,N/A,N/A,ew,N/A,N/A,N/A,N/A,N/A,27.29,18.80,6.53,6.92,34.92,21.30,9.92,1.5,21.81,15160000000.0,14320000000.0,30.04,2.38,6.17,25.42,6.17,1700000000.0,1.5,811100000.0,7.48,45.40,15.30,1440000000.0,13.34,598100000.0,5.28,20.33,140.61,1.5,1.26,94.20,951.53,1.10,0.90,733.14,N/A
78,N/A,N/A,expe,N/A,N/A,N/A,N/A,N/A,71.19,32.77,2.07,6.71,6.91,10.32,4.44,1.5,44.71,12420000000.0,12400000000.0,20.58,1.56,2.15,16.49,2.15,4580000000.0,1.5,398100000.0,2.99,30.40,17.70,1760000000.0,13.88,1750000000.0,0.70,14.04,97.98,1.5,13.89,92.80,10800000.0,5.90,10.70,12110000.0,N/A
79,N/A,N/A,expr,N/A,N/A,N/A,N/A,N/A,48.61,20.51,0.65,2.52,3.16,6.81,7.49,1.5,25.74,1400000000.0,1320000000.0,13.84,0.82,0.61,5.96,0.61,660950000.0,1.5,68320000.0,0.81,12.80,1.40,346160000.0,4.11,270430000.0,2.28,6.61,16.61,1.5,12.97,90.20,3320000.0,2.20,4.10,2850000.0,N/A
80,N/A,N/A,fdo,N/A,N/A,N/A,N/A,N/A,44.72,36.53,0.86,5.38,2.35,4.55,7.56,1.5,92.57,9070000000.0,9610000000.0,26.41,9.91,0.91,12.75,0.91,3530000000.0,1.5,247850000.0,2.17,47.00,2.30,213010000.0,1.86,754260000.0,1.52,14.74,79.24,1.5,19.56,83.40,1190000.0,1.60,1.20,1060000.0,N/A
81,N/A,N/A,fdx,N/A,N/A,N/A,N/A,N/A,45.14,19.07,1.00,2.95,5.37,8.94,7.66,1.5,164.96,47170000000.0,50920000000.0,15.33,1.14,1.08,7.54,1.08,28520000000.0,1.5,2530000000.0,8.72,53.40,3.70,3480000000.0,12.26,7230000000.0,2.00,56.43,166.22,1.5,7.09,83.00,2880000.0,2.10,1.10,2950000.0,N/A
82,N/A,N/A,fl,N/A,N/A,N/A,N/A,N/A,5.37,17.58,1.26,3.61,7.27,11.34,14.35,1.5,49.69,9030000000.0,7910000000.0,14.39,1.36,1.11,8.32,1.11,2130000000.0,1.5,520000000.0,3.56,20.70,6.70,967000000.0,6.92,134000000.0,3.53,17.30,62.59,1.5,1.27,89.10,9940000.0,4.40,6.90,11850000.0,N/A
83,N/A,N/A,fls,N/A,N/A,N/A,N/A,N/A,59.48,15.05,1.57,3.94,10.64,15.98,9.74,1.5,35.63,7620000000.0,8330000000.0,13.97,2.11,1.71,9.36,1.71,1710000000.0,1.5,518840000.00000006,3.76,12.70,0.60,450350000.0,3.34,1150000000.0,1.90,14.38,56.58,1.5,0.31,93.00,5340000.0,3.00,3.90,3640000.0,N/A
84,N/A,N/A,ftr,N/A,N/A,N/A,N/A,N/A,268.10,56.31,1.53,2.00,2.78,20.15,3.38,1.5,4.80,7340000000.0,16460000000.0,34.86,1.26,3.45,7.84,3.45,4770000000.0,1.5,129850000.0,0.13,79.40,12.70,682130000.0,0.68,9810000000.0,0.98,3.65,7.32,1.5,0.78,63.50,122090000.0,10.50,12.30,125940000.0,N/A
85,N/A,N/A,gci,N/A,N/A,N/A,N/A,N/A,128.10,8.16,1.39,2.56,17.68,19.21,7.06,1.5,26.55,8480000000.0,12860000000.0,12.30,14.46,2.14,9.06,2.14,2960000000.0,1.5,1060000000.0,4.58,645.00,24.30,118480000.0,0.52,4500000000.0,1.31,14.36,37.39,1.5,0.26,94.20,8920000.0,5.90,4.00,9010000.0,N/A
86,N/A,N/A,ge,N/A,N/A,N/A,N/A,N/A,266.73,16.64,1.68,1.95,10.26,13.75,1.96,1.5,14.78,251020000000.0,600080000000.0,13.70,1.95,4.04,19.06,4.04,64730000000.00001,1.5,15340000000.0,1.50,60.70,4.60,15920000000.0,1.58,364980000000.0,2.56,12.74,24.94,1.5,0.03,54.20,84560000.0,2.30,0.80,82920000.0,N/A
87,N/A,N/A,ges,N/A,N/A,N/A,N/A,N/A,0.73,16.40,0.64,1.44,3.91,6.23,5.60,1.5,28.58,1540000000.0,1080000000.0,18.02,9.73,0.45,4.57,0.45,867880000.0,1.5,93910000.0,1.11,22.60,9.30,483480000.0,5.66,7980000.0,3.68,12.68,18.20,1.5,29.73,76.50,9510000.0,7.00,19.20,8109999.999999999,N/A
88,N/A,N/A,gild,N/A,N/A,N/A,N/A,N/A,78.34,13.39,5.85,9.49,48.62,62.82,34.15,1.5,16.35,146600000000.0,148880000000.0,9.58,0.78,5.98,8.92,5.98,21100000000.0,1.5,12100000000.0,7.35,340.50,134.40,10130000000.0,6.80,12400000000.0,3.08,10.30,98.43,1.5,0.59,94.30,55990000.0,6.30,3.80,56210000.0,N/A
89,N/A,N/A,gis,N/A,N/A,N/A,N/A,N/A,154.74,24.37,1.91,6.19,8.17,14.76,7.02,1.5,29.02,33710000000.0,43220000000.0,18.98,3.38,2.45,13.71,2.45,6370000000.0,1.5,1440000000.0,2.32,16.40,0.60,784200000.0,1.32,10290000000.0,0.67,9.13,56.55,1.5,0.25,71.10,13240000.0,5.40,2.20,12710000.0,N/A
90,N/A,N/A,gm,N/A,N/A,N/A,N/A,N/A,130.03,22.11,0.38,1.66,2.53,2.01,1.14,1.5,97.15,58780000000.0,80440000000.0,7.27,0.44,0.52,8.86,0.52,13810000000.0,1.5,2800000000.0,1.65,91.10,2.10,25180000000.0,15.63,46840000000.0,1.27,22.16,36.50,1.5,0.03,71.20,50930000.0,4.10,3.20,46230000.0,N/A
91,N/A,N/A,gme,N/A,N/A,N/A,N/A,N/A,17.20,11.01,0.43,2.06,4.23,6.83,9.52,1.5,82.85,4150000000.0000005,3860000000.0,8.72,0.70,0.42,4.88,0.42,2660000000.0,1.5,393100000.0,3.47,10.70,5.60,610100000.0,5.66,355700000.0,1.26,18.38,38.20,1.5,2.15,126.00,47260000.0,34.20,47.80,47050000.0,N/A
92,N/A,N/A,gpc,N/A,N/A,N/A,N/A,N/A,24.32,20.11,0.91,4.26,4.64,7.33,8.82,1.5,100.08,14160000000.0,14830000000.0,17.76,3.57,0.97,11.65,0.97,4590000000.0,1.5,711290000.0,4.61,10.00,8.70,137730000.0,0.90,805510000.0,1.56,21.56,92.73,1.5,2.73,71.90,2620000.0,3.70,1.80,2440000.0,N/A
93,N/A,N/A,gtn,N/A,N/A,N/A,N/A,N/A,571.90,17.20,1.59,3.73,9.46,32.37,6.41,1.5,8.78,816550000.0,2020000000.0,9.04,4.61,3.98,9.96,3.98,222140000.0,1.5,48060000.0,0.82,500.90,86.20,30770000.0,0.53,1240000000.0,2.10,3.73,14.10,1.5,14.52,82.50,2290000.0,5.10,5.40,2460000.0,N/A
94,N/A,N/A,gww,N/A,N/A,N/A,N/A,N/A,14.82,20.13,1.57,4.87,8.05,14.27,16.85,1.5,145.83,15540000000.0,15800000000.0,16.09,1.61,1.59,9.91,1.59,4310000000.0,1.5,792210000.0,11.45,5.00,5.60,226640000.0,3.36,486840000.0,2.35,47.60,230.42,1.5,13.42,73.60,7460000.0,11.10,12.20,7040000.0,N/A
95,N/A,N/A,hal,N/A,N/A,N/A,N/A,N/A,48.10,10.71,1.13,2.28,10.65,14.91,9.97,1.5,38.76,37350000000.0,42840000000.0,22.66,2.92,1.30,6.10,1.30,5210000000.0,1.5,3440000000.0,4.11,13.60,14.80,2350000000.0,2.76,7840000000.0,2.56,19.18,43.96,1.5,0.23,81.30,35510000.0,2.60,4.20,33310000.000000004,N/A
96,N/A,N/A,har,N/A,N/A,N/A,N/A,N/A,21.28,29.59,1.55,4.65,5.39,8.83,8.44,1.5,84.71,9160000000.0,9070000000.0,19.08,1.21,1.55,13.85,1.55,1460000000.0,1.5,315820000.0,4.51,62.30,19.20,512860000.0,7.47,415080000.0,1.62,28.42,133.54,1.5,7.33,90.90,1400000.0,1.90,2.10,1560000.0,N/A
97,N/A,N/A,hcp,N/A,N/A,N/A,N/A,N/A,88.82,21.94,8.86,1.87,40.69,58.35,3.99,1.5,4.94,20270000000.0,30140000000.0,13.62,4.80,13.30,16.92,13.30,2190000000.0,1.5,890050000.0,2.01,32.90,13.80,183810000.0,0.40,9770000000.0,16.44,23.35,43.99,1.5,0.38,91.40,9810000.0,2.60,2.50,9500000.0,N/A
98,N/A,N/A,hd,N/A,N/A,N/A,N/A,N/A,184.48,24.32,1.78,15.85,7.63,12.55,16.22,1.5,62.16,149590000000.0,165220000000.0,19.12,1.51,1.99,13.52,1.99,28950000000.0,1.5,6340000000.0,4.71,36.10,8.30,1720000000.0,1.32,17200000000.0,1.36,7.14,114.54,1.5,0.14,73.60,16300000.0,2.90,1.30,8900000.0,N/A
99,N/A,N/A,hig,N/A,N/A,N/A,N/A,N/A,32.63,24.31,0.95,0.95,4.31,10.99,0.49,1.5,41.94,17730000000.0,18420000000.0,10.13,1.59,0.99,7.97,0.99,7810000000.0,1.5,1350000000.0,1.73,21.70,3.20,5420000000.0,12.88,6110000000.0,4.46,44.11,42.13,1.5,3.57,91.70,8850000.0,3.00,2.00,7400000.0,N/A
100,N/A,N/A,hog,N/A,N/A,N/A,N/A,N/A,189.21,15.73,2.04,4.37,13.56,20.57,8.46,1.5,28.80,12880000000.0,17750000000.0,12.96,1.01,2.85,12.16,2.85,2440000000.0,1.5,844610000.0,3.88,1.20,0.80,631220000.0,2.99,5500000000.0,1.65,13.79,61.05,1.5,0.53,84.70,8830000.0,4.40,4.20,8140000.000000001,N/A
101,N/A,N/A,hon,N/A,N/A,N/A,N/A,N/A,48.23,19.42,2.00,4.57,10.52,14.47,8.02,1.5,51.38,81010000000.0,80620000000.0,15.33,1.69,2.00,11.94,2.00,11350000000.0,1.5,4240000000.0,5.33,1.00,1.20,9070000000.0,11.59,8680000000.0,1.50,22.57,103.51,1.5,0.17,81.90,5140000.0,2.00,0.70,4750000.0,N/A
102,N/A,N/A,hp,N/A,N/A,N/A,N/A,N/A,1.65,10.30,1.89,1.49,19.00,29.01,10.67,1.5,35.99,7450000000.0,7280000000.0,38.24,0.54,1.87,4.42,1.87,1710000000.0,1.5,734230000.0,6.72,17.20,18.80,251640000.0,2.34,81000000.0,2.70,45.72,69.22,1.5,2.95,94.40,9960000.0,4.60,9.40,10190000.0,N/A
103,N/A,N/A,hpq,N/A,N/A,N/A,N/A,N/A,70.85,12.04,0.52,2.15,4.50,8.04,5.38,1.5,59.10,57070000000.0,63210000000.0,8.22,3.12,0.57,4.83,0.57,26620000000.0,1.5,4950000000.0,2.61,4.10,4.70,12920000000.0,7.11,19060000000.0,1.13,14.55,31.40,1.5,0.07,79.50,22630000.0,1.30,1.20,22030000.0,N/A
104,N/A,N/A,hsp,N/A,N/A,N/A,N/A,N/A,52.63,45.04,3.38,4.50,7.47,11.14,4.85,1.5,26.54,15030000000.0,15980000000.0,29.18,2.92,3.58,21.89,3.58,1590000000.0,1.5,333200000.0,1.95,6.90,3.90,802500000.0,4.69,1760000000.0,2.27,19.58,87.82,1.5,0.45,93.10,2210000.0,0.80,1.50,2069999.9999999998,N/A
105,N/A,N/A,hst,N/A,N/A,N/A,N/A,N/A,52.58,21.23,2.85,2.09,13.61,12.47,3.35,1.5,7.12,15520000000.0,18930000000.0,12.12,1.99,3.52,13.86,3.52,3320000000.0,1.5,732000000.0,0.97,106.50,1.80,684000000.0,0.90,3990000000.0,2.52,9.71,20.49,1.5,1.94,105.10,30100000.0,3.10,4.60,26960000.0,N/A
106,N/A,N/A,hsy,N/A,N/A,N/A,N/A,N/A,143.76,26.72,3.00,15.33,11.41,19.58,16.53,1.5,33.35,22250000000.0,23960000000.0,21.03,2.32,3.23,14.40,3.23,3340000000.0,1.5,846910000.0,3.77,8.80,2.70,471980000.0,2.14,2180000000.0,1.16,6.58,100.75,1.5,0.20,75.10,4470000.0,3.70,3.10,5440000.0,N/A
107,N/A,N/A,ibm,N/A,N/A,N/A,N/A,N/A,339.64,13.48,1.70,13.28,12.96,21.42,10.20,1.5,92.40,158590000000.0,190920000000.0,9.64,1.95,2.06,7.83,2.06,46410000000.0,1.5,15750000000.0,11.90,11.30,12.00,8480000000.0,8.58,40800000000.0,1.25,11.98,160.45,1.5,0.06,59.30,24320000.0,5.50,2.50,21210000.0,N/A
108,N/A,N/A,iff,N/A,N/A,N/A,N/A,N/A,61.89,23.20,3.06,6.22,13.42,19.47,11.01,1.5,38.16,9480000000.0,9940000000.0,19.56,2.09,3.22,14.44,3.22,1360000000.0,1.5,412140000.0,5.06,46.60,4.30,479260000.0,5.94,942320000.0,3.30,18.80,117.39,1.5,1.53,81.00,1600000.0,3.40,2.00,1540000.0,N/A
109,N/A,N/A,intc,N/A,N/A,N/A,N/A,N/A,24.58,13.34,2.61,2.62,20.95,28.00,10.61,1.5,11.40,145920000000.0,145240000000.0,12.78,1.75,2.60,6.00,2.60,35610000000.0,1.5,11700000000.0,2.31,39.50,6.40,14400000000.0,3.04,13730000000.0,1.73,11.77,30.81,1.5,0.07,66.60,144490000.0,4.50,2.90,133330000.00000001,N/A
110,N/A,N/A,ipg,N/A,N/A,N/A,N/A,N/A,71.94,19.75,1.20,4.29,6.33,10.46,3.84,1.5,17.98,9120000000.0,9710000000.0,17.02,2.16,1.29,10.20,1.29,7540000000.0,1.5,477100000.0,1.12,60.00,4.00,1670000000.0,4.04,1730000000.0,1.05,5.11,22.12,1.5,1.82,97.30,6160000.0,1.80,1.50,6180000.0,N/A
111,N/A,N/A,ir,N/A,N/A,N/A,N/A,N/A,69.88,19.88,1.37,2.98,7.23,10.99,5.07,1.5,47.66,17780000000.0,20300000000.0,15.18,1.73,1.58,11.88,1.58,3910000000.0,1.5,897000000.0,3.40,435.60,4.60,1710000000.0,6.48,4219999999.9999995,1.56,22.48,67.53,1.5,0.42,83.70,3540000.0,2.20,1.40,2780000.0,N/A
112,N/A,N/A,itw,N/A,N/A,N/A,N/A,N/A,109.28,13.27,2.53,5.42,20.34,19.96,9.60,1.5,36.06,36660000000.0,40130000000.0,16.66,1.46,2.77,11.82,2.77,5810000000.0,1.5,1890000000.0,7.28,10.30,1.40,3990000000.0,10.52,7460000000.0,2.29,17.81,96.61,1.5,0.74,77.10,9920000.0,5.90,3.40,8289999.999999999,N/A
113,N/A,N/A,jci,N/A,N/A,N/A,N/A,N/A,66.73,26.90,0.76,3.01,2.92,5.66,4.85,1.5,64.67,32970000000.0,40310000000.0,12.29,1.18,0.94,11.99,0.94,6630000000.0,1.5,1490000000.0,1.87,8.10,0.90,193000000.0,0.29,7540000000.0,1.09,16.47,50.16,1.5,0.28,77.80,7280000.0,2.10,1.10,7830000.0,N/A
114,N/A,N/A,jec,N/A,N/A,N/A,N/A,N/A,16.79,17.45,0.44,1.29,2.61,5.02,4.82,1.5,98.48,5680000000.0,5760000000.0,12.83,1.57,0.45,7.22,0.45,2069999999.9999998,1.5,334450000.0,2.54,6.80,3.80,670080000.0,5.22,750940000.0,1.65,34.28,44.28,1.5,2.20,85.00,3840000.0,2.90,3.00,3870000.0,N/A
115,N/A,N/A,jnj,N/A,N/A,N/A,N/A,N/A,26.90,17.48,3.71,3.96,21.96,28.44,10.02,1.5,26.40,277050000000.0,262720000000.00003,15.33,2.70,3.53,10.50,3.53,51580000000.0,1.5,16320000000.0,5.70,28.40,0.60,33090000000.000004,11.90,18760000000.0,2.36,25.06,99.64,1.5,0.01,67.30,29820000.0,3.50,1.10,27350000.0,N/A
116,N/A,N/A,joy,N/A,N/A,N/A,N/A,N/A,47.71,12.77,1.04,1.41,8.39,13.41,5.64,1.5,36.79,3800000000.0,4930000000.0,13.15,1.74,1.35,7.92,1.35,1110000000.0,1.5,305770000.0,3.06,51.70,16.10,152330000.0,1.56,1280000000.0,2.31,27.59,39.05,1.5,0.53,111.50,13480000.0,7.20,13.90,12650000.0,N/A
117,N/A,N/A,klac,N/A,N/A,N/A,N/A,N/A,539.09,22.79,3.26,15.60,14.72,24.48,8.46,1.5,17.47,9450000000.0,10330000000.0,13.54,2.93,3.58,13.09,3.58,1700000000.0,1.5,424810000.0,2.55,85.40,4.10,2370000000.0,14.55,3250000000.0,4.29,3.70,58.09,1.5,0.27,95.90,4280000.0,3.70,2.90,4200000.0,N/A
118,N/A,N/A,kmi,N/A,N/A,N/A,N/A,N/A,124.95,46.88,5.50,2.62,6.32,27.64,3.54,1.5,14.27,88870000000.0,131419999999.99998,40.90,11.16,8.10,20.14,8.10,7790000000.0,1.5,1020000000.0,0.89,62.70,2.00,458000000.0,0.22,43020000000.0,0.59,15.98,41.72,1.5,35.16,51.10,66319999.99999999,7.80,3.80,71820000.0,N/A
119,N/A,N/A,ko,N/A,N/A,N/A,N/A,N/A,136.72,25.42,3.86,5.86,15.43,23.63,7.46,1.5,10.49,177620000000.0,197710000000.0,19.19,4.22,4.30,15.40,4.30,28110000000.0,1.5,7100000000.0,1.60,55.00,1.50,21690000000.0,4.97,41780000000.0,1.02,6.95,40.68,1.5,0.56,59.80,36730000.0,2.50,0.90,32400000.0,N/A
120,N/A,N/A,kss,N/A,N/A,N/A,N/A,N/A,79.47,18.65,0.83,2.62,4.56,8.88,7.33,1.5,93.71,16040000000.0,19390000000.0,15.78,2.62,1.02,7.53,1.02,6920000000.0,1.5,867000000.0,4.24,10.50,3.90,1410000000.0,6.94,4760000000.0,1.99,29.81,79.07,1.5,3.07,101.20,24480000.0,8.00,12.20,23350000.0,N/A
121,N/A,N/A,lh,N/A,N/A,N/A,N/A,N/A,106.75,21.19,2.10,3.78,8.50,15.98,8.42,1.5,70.89,12560000000.0,15010000000.0,14.59,1.66,2.50,12.85,2.50,2200000000.0,1.5,511200000.0,5.91,5.30,5.30,580000000.0,5.78,3030000000.0,1.73,33.34,125.21,1.5,0.35,103.50,3830000.0,2.70,5.10,4680000.0,N/A
122,N/A,N/A,lly,N/A,N/A,N/A,N/A,N/A,53.33,31.95,3.87,4.94,12.19,16.97,5.75,1.5,18.33,75560000000.0,78840000000.0,19.90,4.92,4.02,16.75,4.02,14680000000.0,1.5,2390000000.0,2.23,41.10,11.80,4930000000.0,4.65,8210000000.000001,1.09,14.49,71.24,1.5,12.11,63.50,19690000.0,5.40,2.00,20150000.0,N/A
123,N/A,N/A,lm,N/A,N/A,N/A,N/A,N/A,23.01,29.22,2.22,1.37,7.97,19.43,4.84,1.5,24.00,6260000000.0,6170000000.0,16.79,1.51,2.21,10.34,2.21,2690000000.0,1.5,223070000.0,1.90,5.70,0.20,1150000000.0,10.21,1060000000.0,2.55,40.19,55.58,1.5,0.78,94.10,4080000.0,5.30,4.60,3970000.0,N/A
124,N/A,N/A,lmt,N/A,N/A,N/A,N/A,N/A,181.44,17.73,1.37,18.36,7.93,11.77,9.16,1.5,143.94,62400000000.0,67120000000.00001,16.01,2.02,1.47,10.90,1.47,5260000000.0,1.5,3610000000.0,11.21,85.20,8.60,1450000000.0,4.61,6170000000.0,1.11,10.83,198.72,1.5,0.10,86.10,3000000.0,2.40,1.10,3060000.0,N/A
125,N/A,N/A,lnc,N/A,N/A,N/A,N/A,N/A,38.50,10.14,1.08,0.93,11.18,16.70,0.58,1.5,51.96,14730000000.0,14810000000.0,8.47,0.99,1.09,6.53,1.09,4800000000.0,1.5,1510000000.0,5.67,0.90,18.10,5980000000.0,23.34,6060000000.0,6.53,61.35,57.46,1.5,0.32,88.10,6490000.0,2.70,2.50,6940000.0,N/A
126,N/A,N/A,lrcx,N/A,N/A,N/A,N/A,N/A,30.64,17.53,2.30,2.24,14.73,16.04,6.22,1.5,29.70,11270000000.0,9920000000.0,12.43,0.76,2.04,9.34,2.04,2009999999.9999998,1.5,715810000.0,4.04,18.80,10.40,2880000000.0,18.10,1530000000.0,2.88,31.39,70.75,1.5,0.26,96.70,8450000.0,5.60,5.80,8680000.0,N/A
127,N/A,N/A,lyb,N/A,N/A,N/A,N/A,N/A,85.18,11.01,0.93,5.19,9.15,12.58,13.90,1.5,88.05,41980000000.0,46460000000.0,9.99,1.21,1.02,6.93,1.02,6670000000.0,1.5,4170000000.0,7.99,32.50,7.60,2620000000.0,5.50,7110000000.0,2.14,17.07,87.98,1.5,17.60,77.50,9660000.0,2.40,2.50,10270000.0,N/A
128,N/A,N/A,ma,N/A,N/A,N/A,N/A,N/A,22.49,28.07,10.52,14.72,38.18,53.90,21.58,1.5,8.13,99950000000.0,95180000000.0,20.87,1.50,10.05,17.54,10.05,9470000000.0,1.5,3620000000.0,3.10,28.60,13.60,6300000000.0,5.49,1540000000.0,1.77,5.89,87.03,1.5,10.66,78.50,18580000.0,3.50,1.90,14820000.0,N/A
129,N/A,N/A,mac,N/A,N/A,N/A,N/A,N/A,104.18,7.72,10.77,2.21,129.63,26.49,1.73,1.5,8.08,12760000000.0,18960000000.0,19.48,3.07,16.40,27.68,16.40,663320000.0,1.5,1500000000.0,10.45,886.50,11.30,84910000.0,0.54,6290000000.0,0.36,35.65,80.66,1.5,0.64,105.00,1930000.0,1.30,1.60,1650000.0,N/A
130,N/A,N/A,mat,N/A,N/A,N/A,N/A,N/A,71.21,15.62,1.30,2.65,8.28,12.18,6.97,1.5,17.77,7660000000.0,8790000000.0,14.16,2.71,1.46,8.95,1.46,3000000000.0,1.5,494850000.0,1.45,59.40,5.60,971650000.0,2.87,2100000000.0,2.93,8.72,22.65,1.5,0.33,96.50,32610000.0,7.20,9.60,32140000.0,N/A
131,N/A,N/A,mcd,N/A,N/A,N/A,N/A,N/A,116.68,19.88,3.37,7.21,17.34,29.04,14.05,1.5,27.99,92100000000.0,105020000000.0,18.01,3.20,3.83,10.93,3.83,10460000000.0,1.5,4760000000.0,4.82,21.40,7.30,2080000000.0,2.17,15000000000.0,1.52,13.35,95.83,1.5,0.04,65.30,15770000.0,1.80,1.60,14460000.0,N/A
132,N/A,N/A,mmc,N/A,N/A,N/A,N/A,N/A,47.48,21.29,2.34,4.30,11.31,17.77,8.26,1.5,23.76,30470000000.0,31900000000.0,16.54,1.54,2.46,11.86,2.46,12950000000.0,1.5,1440000000.0,2.66,3.00,4.20,1960000000.0,3.63,3390000000.0,1.63,13.06,56.56,1.5,0.14,86.30,4840000.0,2.40,0.90,3480000.0,N/A
133,N/A,N/A,mmm,N/A,N/A,N/A,N/A,N/A,52.47,21.74,3.24,7.87,15.58,22.42,13.76,1.5,49.02,103340000000.0,107710000000.0,18.15,2.10,3.39,12.61,3.39,15370000000.0,1.5,4960000000.0,7.49,6.90,2.00,2520000000.0,3.98,6900000000.0,1.96,20.64,162.80,1.5,0.03,70.00,7730000.0,4.00,1.30,7690000.0,N/A
134,N/A,N/A,mon,N/A,N/A,N/A,N/A,N/A,107.46,22.84,3.63,7.63,15.86,23.93,9.75,1.5,30.00,56210000000.0,61740000000.0,17.33,1.71,4.13,14.37,4.13,8570000000.0,1.5,2350000000.0,5.09,14.70,10.90,2720000000.0,5.62,8240000000.0,1.96,15.32,116.30,1.5,0.25,86.50,11160000.0,4.10,2.30,11180000.0,N/A
135,N/A,N/A,mpc,N/A,N/A,N/A,N/A,N/A,58.27,11.06,0.30,2.59,2.77,4.26,8.26,1.5,320.19,26510000000.0,31650000000.0,10.60,1.06,0.35,6.07,0.35,13540000000.0,1.5,2520000000.0,8.78,27.50,12.80,1490000000.0,5.47,6640000000.0,1.32,39.24,97.08,1.5,0.77,82.30,4840000.0,1.70,2.00,5660000.0,N/A
136,N/A,N/A,mrk,N/A,N/A,N/A,N/A,N/A,43.90,14.03,3.82,3.32,28.22,21.58,5.58,1.5,14.60,162060000000.0,167760000000.0,14.99,3.70,3.97,11.26,3.97,25470000000.0,1.5,11920000000.0,4.07,836.70,7.40,15720000000.0,5.54,21420000000.0,1.77,17.14,57.10,1.5,0.04,75.70,28540000.0,2.60,1.00,25500000.0,N/A
137,N/A,N/A,mro,N/A,N/A,N/A,N/A,N/A,30.40,6.07,1.65,0.86,27.88,11.58,2.21,1.5,16.07,18270000000.0,22260000000.0,386.71,2.44,2.04,4.88,2.04,8600000000.0,1.5,969000000.0,4.46,146.90,1.60,2400000000.0,3.55,6390000000.0,1.05,31.14,27.07,1.5,0.33,83.80,8220000.000000001,1.20,1.40,8580000.0,N/A
138,N/A,N/A,msft,N/A,N/A,N/A,N/A,N/A,31.28,16.25,3.57,3.64,22.12,30.59,10.88,1.5,11.33,330530000000.0,269700000000.0,13.99,2.08,2.89,8.02,2.89,59900000000.0,1.5,20680000000.0,2.48,10.60,8.00,89570000000.0,10.92,28740000000.0,2.45,11.18,40.29,1.5,7.91,71.30,67680000.0,2.00,0.90,67140000.0,N/A
139,N/A,N/A,msi,N/A,N/A,N/A,N/A,N/A,122.92,11.82,2.46,5.36,22.09,16.51,5.45,1.5,23.95,13540000000.0,12990000000.0,15.40,10.04,2.21,11.36,2.21,2830000000.0,1.5,697000000.0,5.29,41.20,0.30,3950000000.0,18.25,3400000000.0,3.06,12.44,62.51,1.5,0.43,90.40,3560000.0,2.00,1.70,4099999.9999999995,N/A
140,N/A,N/A,mu,N/A,N/A,N/A,N/A,N/A,46.66,8.68,1.73,2.50,21.85,22.56,11.25,1.5,15.84,28790000000.0,30830000000.0,6.94,0.55,1.83,5.08,1.83,5440000000.0,1.5,3690000000.0,3.08,180.20,13.10,4230000000.0000005,3.93,5830000000.0,2.19,10.86,26.73,1.5,0.55,96.80,74220000.0,3.40,6.90,71620000.0,N/A
141,N/A,N/A,myl,N/A,N/A,N/A,N/A,N/A,262.14,24.83,2.84,6.68,12.04,20.04,6.20,1.5,20.66,21980000000.0,30290000000.0,12.52,1.07,3.92,14.52,3.92,3530000000.0,1.5,929400000.0,2.34,5.00,15.20,284100000.0,0.75,8590000000.0,1.28,8.68,58.10,1.5,0.64,93.00,27290000.0,6.50,7.40,24870000.0,N/A
142,N/A,N/A,nbl,N/A,N/A,N/A,N/A,N/A,59.77,15.30,3.60,1.72,24.62,33.99,4.97,1.5,13.66,18150000000.0,23140000000.0,55.47,76.10,4.69,6.74,4.69,4139999999.9999995,1.5,1210000000.0,3.26,198.50,18.40,1180000000.0,3.25,6170000000.0,1.22,28.39,49.92,1.5,1.82,93.20,6390000.0,1.40,2.20,6160000.0,N/A
143,N/A,N/A,ndaq,N/A,N/A,N/A,N/A,N/A,39.92,20.97,2.43,1.47,11.83,24.69,4.38,1.5,20.72,8460000000.000001,10330000000.0,13.51,1.62,2.95,10.32,2.95,1950000000.0,1.5,414000000.0,2.39,39.00,8.40,442000000.0,2.62,2310000000.0,1.14,34.32,50.11,1.5,18.65,79.70,3030000.0,3.80,2.50,3060000.0,N/A
144,N/A,N/A,nee,N/A,N/A,N/A,N/A,N/A,143.91,18.71,2.73,2.33,14.48,25.82,3.81,1.5,39.18,46450000000.0,74900000000.0,17.29,2.98,4.40,10.27,4.40,8270000000.0,1.5,2460000000.0,5.60,170.30,28.50,577000000.0,1.30,29020000000.0,0.72,44.96,104.75,1.5,0.35,73.30,9990000.0,4.10,2.30,10000000.0,N/A
145,N/A,N/A,nflx,N/A,N/A,N/A,N/A,N/A,50.04,95.85,4.54,13.44,4.85,7.32,4.04,1.5,91.63,25050000000.0,24370000000.0,75.84,5.13,4.43,53.37,4.43,1750000000.0,1.5,266800000.0,4.32,72.20,26.30,1610000000.0,26.59,929600000.0,1.48,30.75,414.08,1.5,1.92,88.20,5360000.0,3.20,9.40,5020000.0,N/A
146,N/A,N/A,ni,N/A,N/A,N/A,N/A,N/A,161.93,26.47,2.16,2.26,8.19,18.30,3.12,1.5,20.53,13960000000.0,23940000000.0,23.12,2.35,3.70,13.66,3.70,4250000000.0,1.5,530700000.00000006,1.67,1.60,5.90,25400000.0,0.08,10000000000.0,0.62,19.54,44.16,1.5,0.46,79.60,6020000.0,3.20,1.90,5850000.0,N/A
147,N/A,N/A,nke,N/A,N/A,N/A,N/A,N/A,10.12,28.48,2.84,6.93,10.27,13.60,13.41,1.5,34.93,85850000000.0,81740000000.0,25.17,2.31,2.70,17.16,2.70,12450000000.0,1.5,3110000000.0,3.50,15.50,7.00,5360000000.0,6.22,1250000000.0,2.72,14.36,99.66,1.5,0.18,84.40,7130000.0,2.10,1.30,5740000.0,N/A
148,N/A,N/A,nov,N/A,N/A,N/A,N/A,N/A,15.24,8.76,0.95,1.01,11.67,17.34,6.80,1.5,50.09,20910000000.0,20540000000.0,15.89,1.96,0.96,4.57,0.96,5810000000.0,1.5,2450000000.0,5.82,9.60,7.70,3540000000.0,8.63,3170000000.0,2.19,49.39,51.01,1.5,0.23,88.00,27260000.0,4.30,6.40,26250000.0,N/A
149,N/A,N/A,nsc,N/A,N/A,N/A,N/A,N/A,75.00,16.31,2.72,2.56,17.21,30.68,6.78,1.5,37.57,32020000000.000004,40350000000.0,13.85,1.48,3.47,8.92,3.47,7420000000.0,1.5,1990000000.0,6.39,0.40,0.40,973000000.0,3.17,9310000000.0,1.56,40.25,104.15,1.5,0.39,67.50,9290000.0,4.90,2.90,7330000.0,N/A
150,N/A,N/A,ntap,N/A,N/A,N/A,N/A,N/A,42.61,18.75,1.76,3.13,9.98,13.12,5.60,1.5,19.42,11110000000.0,7350000000.0,12.16,1.10,1.18,7.36,1.18,3920000000.0,1.5,622000000.0,1.90,8.00,3.60,5250000000.0,16.85,1490000000.0,2.63,11.26,35.63,1.5,0.73,90.90,9740000.0,3.00,3.00,7810000.0,N/A
151,N/A,N/A,nue,N/A,N/A,N/A,N/A,N/A,58.40,21.29,0.70,1.90,3.38,6.55,5.60,1.5,65.99,15080000000.0,18670000000.0,15.10,1.46,0.89,8.86,0.89,1910000000.0,1.5,711620000.0,2.22,23.40,2.20,1120000000.0,3.52,4720000000.0,3.07,24.36,47.26,1.5,0.60,79.00,9640000.0,5.00,3.00,8500000.0,N/A
152,N/A,N/A,nus,N/A,N/A,N/A,N/A,N/A,26.24,19.65,1.37,3.72,7.36,13.71,12.81,1.5,43.50,3630000000.0,3580000000.0,13.92,3.31,1.39,8.79,1.39,2089999999.9999998,1.5,189180000.0,3.11,62.90,42.30,301450000.0,5.07,247340000.0,2.00,15.97,61.12,1.5,6.06,70.90,7280000.0,8.50,12.60,6390000.0,N/A
153,N/A,N/A,nwl,N/A,N/A,N/A,N/A,N/A,134.44,29.63,1.87,5.81,6.60,13.45,7.55,1.5,20.74,10800000000.0,13090000000.0,16.97,1.92,2.29,14.17,2.29,2200000000.0,1.5,373100000.0,1.36,55.70,4.10,199400000.0,0.74,2490000000.0,1.28,6.88,40.21,1.5,0.53,91.20,4770000.0,3.70,1.70,4380000.0,N/A
154,N/A,N/A,oke,N/A,N/A,N/A,N/A,N/A,207.29,32.20,0.83,17.01,2.58,9.32,4.30,1.5,58.24,10020000000.0,18150000000.0,27.16,9.89,1.49,12.68,1.49,2109999999.9999998,1.5,319710000.0,1.49,4.20,17.50,172810000.0,0.83,8300000000.000001,0.55,2.84,48.07,1.5,0.83,74.10,10360000.0,4.60,5.00,10710000.0,N/A
155,N/A,N/A,omc,N/A,N/A,N/A,N/A,N/A,130.32,18.57,1.25,6.72,7.21,12.75,5.59,1.5,60.33,19420000000.0,21600000000.0,16.33,3.13,1.41,9.61,1.41,15320000000.0,1.5,1080000000.0,4.24,9.70,3.40,2390000000.0,9.69,4570000000.0,0.93,11.55,78.72,1.5,0.86,99.40,13270000.0,11.10,5.10,12530000.0,N/A
156,N/A,N/A,orcl,N/A,N/A,N/A,N/A,N/A,66.47,17.80,4.81,3.89,27.88,38.71,10.14,1.5,8.76,186120000000.0,174600000000.0,14.16,1.92,4.50,10.40,4.50,31040000000.0,1.5,10830000000.0,2.39,2.70,0.20,43780000000.0,10.02,32259999999.999996,3.72,11.00,42.62,1.5,25.05,61.60,29680000.0,2.50,0.90,27040000.0,N/A
157,N/A,N/A,orly,N/A,N/A,N/A,N/A,N/A,69.19,29.37,3.03,10.84,10.78,17.61,12.60,1.5,69.21,21910000000.0,23060000000.0,22.20,1.62,3.20,15.70,3.20,3710000000.0,1.5,778180000.0,7.34,19.30,8.80,250560000.0,2.47,1400000000.0,1.08,19.87,215.58,1.5,2.92,89.60,5440000.0,10.60,5.50,5230000.0,N/A
158,N/A,N/A,pcar,N/A,N/A,N/A,N/A,N/A,122.55,16.02,1.16,3.25,7.15,10.53,6.05,1.5,53.51,21700000000.0,27040000000.0,13.25,1.14,1.42,11.05,1.42,3050000000.0,1.5,1360000000.0,3.82,18.00,11.30,2940000000.0,8.29,8279999999.999999,1.94,19.05,61.20,1.5,2.39,61.80,14770000.0,9.50,4.30,14070000.0,N/A
159,N/A,N/A,pcg,N/A,N/A,N/A,N/A,N/A,98.48,17.51,1.48,1.61,8.40,13.64,2.52,1.5,36.52,25530000000.0,41140000000.0,14.60,3.89,2.41,8.64,2.41,4880000000.0,1.5,1440000000.0,3.06,52.30,8.40,151000000.0,0.32,15760000000.0,1.08,33.09,53.59,1.5,0.05,80.50,5020000.0,1.80,2.40,4890000.0,N/A
160,N/A,N/A,pcln,N/A,N/A,N/A,N/A,N/A,45.38,25.41,7.07,6.97,28.69,36.49,15.17,1.5,161.41,60270000000.0,59870000000.0,17.11,1.04,7.09,18.21,7.09,7580000000.0,1.5,2420000000.0,45.67,19.50,19.40,4290000000.0,82.61,3890000000.0,3.82,164.96,160.44,1.5,0.48,95.30,1600000.0,1.80,3.10,1470000.0,N/A
161,N/A,N/A,pep,N/A,N/A,N/A,N/A,N/A,164.67,22.44,2.11,8.05,9.77,15.00,8.45,1.5,44.19,141850000000.0,162020000000.0,18.99,3.04,2.43,13.05,2.43,35800000000.0,1.5,6500000000.0,4.26,24.70,0.80,8730000000.0,5.89,28900000000.0,1.14,11.81,95.69,1.5,0.09,70.70,10370000.0,2.30,0.70,8970000.0,N/A
162,N/A,N/A,pfe,N/A,N/A,N/A,N/A,N/A,51.24,24.18,4.24,3.03,18.42,31.58,5.74,1.5,7.82,210710000000.0,211340000000.0,15.42,7.58,4.26,10.09,4.26,40030000000.0,1.5,9080000000.0,1.42,52.20,3.20,36160000000.0,5.90,36700000000.0,2.67,11.33,34.38,1.5,0.02,49.70,156560000.0,6.00,2.60,172460000.0,N/A
163,N/A,N/A,pg,N/A,N/A,N/A,N/A,N/A,53.16,24.94,2.71,3.53,11.63,19.29,7.10,1.5,30.31,222600000000.0,246180000000.0,19.21,3.10,3.00,12.96,3.00,40600000000.0,1.5,10910000000.0,3.31,30.80,4.40,12250000000.0,4.54,34450000000.0,0.97,23.34,82.43,1.5,0.05,21.50,14510000.0,1.80,0.50,14150000.0,N/A
164,N/A,N/A,pgr,N/A,N/A,N/A,N/A,N/A,31.24,12.48,0.82,2.29,6.61,10.47,5.05,1.5,32.81,15810000000.0,15710000000.0,14.13,2.54,0.81,7.39,0.81,2089999999.9999998,1.5,1280000000.0,2.15,23.50,12.10,2260000000.0,3.83,2160000000.0,0.59,11.79,26.84,1.5,8.72,80.50,14830000.0,5.00,2.50,12970000.0,N/A
165,N/A,N/A,ph,N/A,N/A,N/A,N/A,N/A,51.52,16.28,1.27,2.93,8.21,12.19,7.96,1.5,89.75,16809999999.999998,17820000000.0,13.47,1.41,1.34,9.15,1.34,3030000000.0,1.5,1090000000.0,7.25,5.50,0.90,1960000000.0,13.77,2970000000.0,2.45,40.41,118.00,1.5,0.79,81.00,9810000.0,8.30,7.50,8300000.000000001,N/A
166,N/A,N/A,pki,N/A,N/A,N/A,N/A,N/A,51.56,36.51,2.56,2.79,7.05,10.14,3.51,1.5,19.87,5740000000.0,6610000000.0,17.50,2.01,2.96,19.25,2.96,1000000000.0,1.5,161170000.0,1.39,54.00,2.80,174820000.0,1.55,1050000000.0,1.79,18.16,50.75,1.5,0.97,95.20,3020000.0,5.40,3.10,2840000.0,N/A
167,N/A,N/A,pll,N/A,N/A,N/A,N/A,N/A,75.90,28.67,3.69,6.79,13.37,18.99,9.48,1.5,26.18,10600000000.0,10750000000.0,23.89,2.08,3.77,16.21,3.77,1430000000.0,1.5,381450000.0,3.47,0.90,0.50,1030000000.0,9.65,1180000000.0,1.61,14.54,99.38,1.5,0.20,95.30,4340000.0,8.70,4.10,4160000.0,N/A
168,N/A,N/A,pnr,N/A,N/A,N/A,N/A,N/A,64.41,57.05,1.63,2.46,3.05,13.36,5.25,1.5,36.93,11620000000.0,14510000000.0,13.90,1.35,2.06,12.16,2.06,2460000000.0,1.5,607000000.0,1.12,23.60,1.60,110400000.0,0.61,3000000000.0,1.77,25.56,63.67,1.5,0.17,79.40,6050000.0,5.60,3.40,5950000.0,N/A
169,N/A,N/A,pom,N/A,N/A,N/A,N/A,N/A,131.21,27.98,1.39,1.57,4.96,14.56,2.91,1.5,19.43,6790000000.0,12620000000.0,19.05,2.61,2.59,10.02,2.59,1670000000.0,1.5,242000000.0,0.96,39.70,2.50,14000000.0,0.06,5840000000.0,0.53,17.10,26.86,1.5,0.24,59.40,3060000.0,2.50,1.20,3500000.0,N/A
170,N/A,N/A,psa,N/A,N/A,N/A,N/A,N/A,0.68,37.58,14.83,6.55,50.10,50.98,7.39,1.5,13.26,34100000000.0,37500000000.0,21.28,3.71,16.42,23.42,16.42,1580000000.0,1.5,908180000.0,5.25,16.90,14.90,187710000.0,1.09,64360000.0,0.71,29.90,197.31,1.5,14.44,80.30,2120000.0,3.10,1.70,2270000.0,N/A
171,N/A,N/A,psx,N/A,N/A,N/A,N/A,N/A,39.41,9.38,0.30,2.02,3.25,2.32,4.32,1.5,259.04,42490000000.0,45960000000.0,10.66,1.50,0.31,10.44,0.31,21030000000.0,1.5,4050000000.0,8.33,38.90,20.50,5210000000.0,9.58,8680000000.0,1.51,39.51,78.17,1.5,0.05,71.50,7670000.0,2.10,1.40,7980000.0,N/A
172,N/A,N/A,pwr,N/A,N/A,N/A,N/A,N/A,1.80,21.11,0.75,1.37,3.78,6.21,5.03,1.5,35.74,5910000000.0,5800000000.0,11.47,0.99,0.74,8.51,0.74,1230000000.0,1.5,297340000.0,1.35,60.10,12.90,190510000.0,0.92,81360000.0,2.25,20.70,28.44,1.5,1.08,91.90,4130000.0,1.90,1.90,3990000.0,N/A
173,N/A,N/A,px,N/A,N/A,N/A,N/A,N/A,149.66,21.34,2.85,6.23,13.80,22.12,8.47,1.5,41.96,35310000000.0,44440000000.0,17.52,1.92,3.62,11.44,3.62,5310000000.0,1.5,1690000000.0,5.73,36.30,0.70,126000000.0,0.44,9260000000.0,1.14,19.44,122.27,1.5,0.13,1.70,6570000.0,5.00,2.30,6420000.0,N/A
174,N/A,N/A,rhi,N/A,N/A,N/A,N/A,N/A,0.13,26.44,1.68,8.04,6.52,10.58,19.79,1.5,34.94,7930000000.0,7650000000.0,19.47,1.46,1.63,14.00,1.63,1920000000.0,1.5,305930000.0,2.26,25.70,12.70,287120000.0,2.16,1300000.0,2.12,7.38,59.76,1.5,4.06,92.50,3070000.0,4.20,2.30,2710000.0,N/A
175,N/A,N/A,rht,N/A,N/A,N/A,N/A,N/A,55.53,79.05,8.01,11.21,10.07,13.97,4.52,1.5,9.59,13770000000.0,13230000000.0,34.93,2.71,7.39,40.55,7.39,1300000000.0,1.5,180200000.0,0.95,5.80,15.90,1260000000.0,6.88,715400000.0,1.48,6.73,75.10,1.5,10.93,84.90,7190000.0,7.10,4.60,6570000.0,N/A
176,N/A,N/A,rok,N/A,N/A,N/A,N/A,N/A,55.02,18.61,2.32,5.97,12.76,18.13,12.33,1.5,48.13,15280000000.0,14780000000.0,15.89,1.89,2.24,10.99,2.24,2750000000.0,1.5,841800000.0,6.06,8.10,1.10,1910000000.0,14.12,1410000000.0,2.22,18.97,112.80,1.5,0.58,77.20,6500000.0,7.00,4.80,6430000.0,N/A
177,N/A,N/A,rop,N/A,N/A,N/A,N/A,N/A,46.56,26.78,4.80,3.57,18.20,28.24,7.55,1.5,35.53,17200000000.0,18800000000.0,23.07,1.88,5.30,15.68,5.30,2100000000.0,1.5,646030000.0,6.40,12.20,6.40,610430000.0,6.08,2210000000.0,2.41,47.49,171.38,1.5,1.58,95.00,1390000.0,3.90,1.60,1110000.0,N/A
178,N/A,N/A,rrc,N/A,N/A,N/A,N/A,N/A,88.88,14.17,4.18,2.47,31.06,46.37,7.38,1.5,12.48,8900000000.0,11970000000.0,76.81,13.53,5.86,7.61,5.86,1440000000.0,1.5,623660000.0,3.79,908.30,5.80,448.00,0.00,3070000000.0,0.76,20.89,53.77,1.5,2.42,94.70,17250000.0,6.10,13.10,16070000.0,N/A
179,N/A,N/A,sbux,N/A,N/A,N/A,N/A,N/A,33.86,28.62,4.10,12.09,14.76,17.19,16.17,1.5,22.63,70770000000.0,70910000000.0,25.58,1.63,4.17,19.12,4.17,9590000000.0,1.5,2510000000.0,3.30,81.80,13.30,1950000000.0,2.61,2080000000.0,1.28,7.70,94.39,1.5,2.69,73.90,8900000.0,2.60,1.20,9760000.0,N/A
180,N/A,N/A,scg,N/A,N/A,N/A,N/A,N/A,139.44,14.57,1.61,1.59,10.87,20.34,3.93,1.5,34.89,7890000000.0,14810000000.0,14.16,3.48,2.99,10.18,2.99,1620000000.0,1.5,538000000.0,3.79,1.90,8.80,137000000.0,0.96,6950000000.0,0.85,34.95,55.21,1.5,10.00,53.00,5710000.0,4.90,4.40,8340000.0,N/A
181,N/A,N/A,se,N/A,N/A,N/A,N/A,N/A,137.75,22.40,4.06,2.94,18.33,32.59,3.56,1.5,8.80,24200000000.0,38660000000.0,26.13,5.91,6.55,14.14,6.55,3110000000.0,1.5,1080000000.0,1.61,33.90,2.20,223000000.0,0.33,14680000000.0,0.61,12.16,36.06,1.5,0.17,68.70,20440000.0,5.60,3.00,20330000.0,N/A
182,N/A,N/A,see,N/A,N/A,N/A,N/A,N/A,379.60,37.58,1.23,8.20,3.33,10.10,5.68,1.5,36.91,9480000000.0,13570000000.0,18.40,1.58,1.75,12.93,1.75,2690000000.0,1.5,256500000.0,1.20,128.80,1.90,322600000.0,1.54,4410000000.0,1.56,5.52,45.09,1.5,10.02,84.50,6570000.0,3.80,3.10,6440000.0,N/A
183,N/A,N/A,shw,N/A,N/A,N/A,N/A,N/A,181.18,32.39,2.42,27.03,7.78,11.54,13.28,1.5,115.70,26790000000.0,28810000000.0,22.03,1.61,2.59,19.43,2.59,5160000000.0,1.5,860990000.0,8.78,14.30,4.60,40730000.0,0.43,1810000000.0,0.96,10.58,284.35,1.5,14.81,76.80,3200000.0,5.90,4.50,3580000.0,N/A
184,N/A,N/A,sial,N/A,N/A,N/A,N/A,N/A,14.22,33.22,5.94,5.26,17.95,25.67,11.17,1.5,23.40,16540000000.0,15970000000.0,29.22,4.16,5.74,18.86,5.74,1420000000.0,1.5,500000000.0,4.17,1.50,3.10,1010000000.0,8.49,445000000.0,4.59,26.30,138.51,1.5,0.22,81.80,1800000.0,2.50,1.70,1890000.0,N/A
185,N/A,N/A,siri,N/A,N/A,N/A,N/A,N/A,343.66,48.94,5.14,16.59,11.80,26.78,8.13,1.5,0.72,21850000000.0,26230000000.0,26.10,1.32,6.27,18.93,6.27,2080000000.0,1.5,493240000.0,0.08,119.50,9.10,147720000.0,0.03,4500000000.0,0.67,0.23,3.92,1.5,57.91,27.40,136420000.0,5.20,4.90,145970000.0,N/A
186,N/A,N/A,sjm,N/A,N/A,N/A,N/A,N/A,41.73,21.31,2.14,2.25,10.10,16.79,6.36,1.5,54.26,11810000000.0,13870000000.0,19.93,3.92,2.53,11.88,2.53,2029999999.9999998,1.5,549800000.0,5.44,3.50,1.70,111700000.0,1.10,2180000000.0,2.13,51.34,116.01,1.5,4.99,68.90,5170000.0,6.50,5.30,5160000.0,N/A
187,N/A,N/A,slb,N/A,N/A,N/A,N/A,N/A,35.14,20.32,2.21,2.84,11.19,19.54,8.85,1.5,37.51,107620000000.0,113490000000.0,22.38,2.38,2.34,8.36,2.34,11180000000.0,1.5,5640000000.0,4.15,81.90,6.20,7500000000.0,5.88,13370000000.0,1.74,29.68,84.39,1.5,0.06,79.50,21500000.0,2.90,1.70,21520000.0,N/A
188,N/A,N/A,spg,N/A,N/A,N/A,N/A,N/A,348.92,44.09,12.63,12.19,28.92,48.97,4.74,1.5,15.68,61960000000.0,82950000000.0,18.74,2.66,17.03,22.60,17.03,3990000000.0,1.5,1380000000.0,4.52,6.10,3.70,612280000.0,1.97,20860000000.0,0.43,16.25,199.36,1.5,0.81,97.90,4059999.9999999995,2.80,1.50,3740000.0,N/A
189,N/A,N/A,srcl,N/A,N/A,N/A,N/A,N/A,86.54,36.98,4.61,6.22,12.77,23.96,9.23,1.5,30.09,11900000000.0,13540000000.0,26.64,2.01,5.30,18.88,5.30,1090000000.0,1.5,326460000.0,3.79,5.60,19.20,22620000.0,0.27,1660000000.0,1.26,22.33,140.14,1.5,2.11,89.20,2950000.0,6.80,3.50,2880000.0,N/A
190,N/A,N/A,stj,N/A,N/A,N/A,N/A,N/A,91.09,18.88,3.27,4.46,17.82,25.79,8.86,1.5,19.73,18380000000.0,20770000000.0,15.09,1.76,3.69,11.80,3.69,3970000000.0,1.5,1000000000.0,3.46,99.20,1.20,1470000000.0,5.23,3870000000.0,1.47,14.65,65.33,1.5,2.37,83.40,6270000.0,4.00,2.60,6640000.0,N/A
191,N/A,N/A,stx,N/A,N/A,N/A,N/A,N/A,105.87,8.70,1.20,4.58,14.30,12.48,11.23,1.5,43.39,17220000000.0,17850000000.0,9.91,1.75,1.26,6.82,1.26,3850000000.0,1.5,2029999999.9999998,6.03,118.00,4.80,3300000000.0,10.06,3930000000.0,2.35,11.30,52.45,1.5,4.79,87.00,22460000.0,6.40,6.90,17680000.0,N/A
192,N/A,N/A,stz,N/A,N/A,N/A,N/A,N/A,130.37,30.24,3.77,3.99,13.11,25.98,6.61,1.5,31.10,22780000000.0,30060000000.0,24.28,1.83,5.04,17.22,5.04,1990000000.0,1.5,781900000.0,3.89,5.30,6.80,71400000.0,0.37,7350000000.0,2.43,29.14,117.75,1.5,5.04,87.10,2790000.0,3.10,1.80,2530000.0,N/A
193,N/A,N/A,swn,N/A,N/A,N/A,N/A,N/A,149.55,9.18,1.99,1.73,22.88,37.64,8.27,1.5,11.49,8460000000.000001,15380000000.0,17.29,3.71,3.81,6.25,3.81,3610000000.0,1.5,924000000.0,2.62,115.20,6.10,53000000.0,0.15,6970000000.0,0.21,13.24,24.04,1.5,6.11,85.90,45040000.0,5.10,14.40,45330000.0,N/A
194,N/A,N/A,syk,N/A,N/A,N/A,N/A,N/A,46.22,68.00,3.57,4.01,5.32,23.01,8.32,1.5,25.56,34510000000.0,33479999999.999996,16.63,2.14,3.46,12.86,3.46,6380000000.0,1.5,515000000.0,1.34,32.60,6.10,5000000000.0,13.20,3970000000.0,2.17,22.74,91.12,1.5,13.27,72.00,3370000.0,2.60,1.00,3720000.0,N/A
195,N/A,N/A,tdc,N/A,N/A,N/A,N/A,N/A,27.42,18.87,2.35,3.81,13.43,18.41,10.10,1.5,17.59,6420000000.0,6050000000.0,15.16,2.28,2.22,10.07,2.22,1480000000.0,1.5,367000000.0,2.33,5.40,1.00,834000000.0,5.71,468000000.0,1.58,11.54,43.97,1.5,0.46,103.40,23210000.0,15.10,15.80,25120000.0,N/A
196,N/A,N/A,te,N/A,N/A,N/A,N/A,N/A,146.33,33.86,1.79,1.78,5.08,19.69,3.91,1.5,11.50,4630000000.0,8369999999.999999,16.50,1.92,3.26,9.88,3.26,1020000000.0,1.5,205700000.0,0.58,74.30,23.70,25400000.0,0.11,3770000000.0,0.69,10.96,19.64,1.5,1.14,55.30,7250000.0,3.60,3.10,7600000.0,N/A
197,N/A,N/A,tel,N/A,N/A,N/A,N/A,N/A,46.05,15.48,2.05,3.16,13.52,15.71,7.15,1.5,34.36,28710000000.0,32060000000.000004,15.33,1.12,2.28,11.25,2.28,4690000000.0,1.5,1910000000.0,4.57,33.70,4.20,868000000.0,2.14,4219999999.9999995,1.56,22.52,70.67,1.5,0.20,92.10,2580000.0,1.60,0.60,1330000.0,N/A
198,N/A,N/A,tjx,N/A,N/A,N/A,N/A,N/A,39.51,22.01,1.65,11.25,7.62,12.40,21.14,1.5,41.98,48240000000.0,46290000000.0,18.63,1.99,1.59,11.03,1.59,7820000000.0,1.5,2220000000.0,3.15,11.30,6.30,2780000000.0,4.06,1680000000.0,1.71,6.13,69.32,1.5,0.65,91.90,5590000.0,1.60,0.90,4260000.0,N/A
199,N/A,N/A,tmo,N/A,N/A,N/A,N/A,N/A,70.90,28.28,3.10,2.57,11.22,13.53,3.82,1.5,42.42,52820000000.0,66030000000.0,16.23,1.79,3.91,16.64,3.91,7490000000.0,1.5,1900000000.0,4.71,75.70,29.60,1350000000.0,3.41,14570000000.0,1.22,51.31,133.11,1.5,0.15,92.20,3180000.0,2.20,0.80,2850000.0,N/A
200,N/A,N/A,trip,N/A,N/A,N/A,N/A,N/A,30.04,53.23,9.45,10.46,18.14,27.61,12.53,1.5,8.73,11790000000.0,11570000000.0,28.35,1.52,9.28,30.85,9.28,1210000000.0,1.5,226000000.0,1.55,80.00,35.20,563000000.0,3.94,338000000.0,1.96,7.87,82.50,1.5,14.55,93.40,11310000.0,4.50,13.60,12750000.0,N/A
201,N/A,N/A,trv,N/A,N/A,N/A,N/A,N/A,25.56,10.07,1.27,1.39,13.59,20.09,3.30,1.5,80.17,34620000000.0,36340000000.0,11.16,2.06,1.34,5.75,1.34,13290000000.0,1.5,3660000000.0,10.70,5.10,0.70,4740000000.0,14.74,6350000000.0,0.40,77.08,107.74,1.5,0.31,85.50,9980000.0,5.20,2.90,9320000.0,N/A
202,N/A,N/A,tss,N/A,N/A,N/A,N/A,N/A,84.55,22.17,2.87,4.15,13.20,17.77,7.33,1.5,13.28,7060000000.0,8220000000.000001,15.70,1.46,3.36,14.50,3.36,777980000.0,1.5,270910000.0,1.72,21.60,8.90,289180000.0,1.56,1460000000.0,2.33,9.15,38.14,1.5,3.04,75.00,3030000.0,4.20,1.90,3100000.0,N/A
203,N/A,N/A,twc,N/A,N/A,N/A,N/A,N/A,296.08,21.59,1.87,5.32,8.90,21.30,6.28,1.5,81.68,43490000000.0,66519999999.99999,17.47,1.36,2.92,8.41,2.92,15990000000.0,1.5,2009999999.9999998,7.17,2.60,3.80,708000000.0,2.52,23740000000.0,0.52,28.54,154.81,1.5,0.10,88.00,6150000.0,2.60,2.20,5210000.0,N/A
204,N/A,N/A,txn,N/A,N/A,N/A,N/A,N/A,44.68,22.05,4.54,5.70,21.63,29.92,13.31,1.5,12.25,59390000000.0,60490000000.0,17.67,1.95,4.64,11.92,4.64,7430000000.0,1.5,2780000000.0,2.57,61.40,8.00,3540000000.0,3.38,4640000000.0,2.92,9.93,56.72,1.5,0.30,87.50,18360000.0,4.10,2.10,17390000.0,N/A
205,N/A,N/A,tyc,N/A,N/A,N/A,N/A,N/A,34.02,11.33,1.75,4.27,16.75,6.98,3.88,1.5,23.26,18200000000.0,19120000000.0,16.54,1.48,1.85,17.72,1.85,3780000000.0,1.5,711000000.0,3.82,40.00,0.60,538000000.0,1.28,1460000000.0,1.17,10.09,43.33,1.5,0.41,94.30,2770000.0,1.30,0.70,2690000.0,N/A
206,N/A,N/A,ua,N/A,N/A,N/A,N/A,N/A,21.09,83.59,5.47,12.48,6.75,11.48,12.05,1.5,14.47,16989999999.999998,16680000000.0,55.15,3.07,5.41,39.15,5.41,1510000000.0,1.5,208040000.0,0.95,36.70,31.10,593170000.0,2.77,284800000.0,3.68,6.31,79.41,1.5,0.77,81.00,10810000.0,6.40,6.10,11690000.0,N/A
207,N/A,N/A,unh,N/A,N/A,N/A,N/A,N/A,51.60,20.59,0.86,3.45,4.31,7.87,7.63,1.5,134.23,111930000000.0,120150000000.0,16.74,1.96,0.92,10.60,0.92,37220000000.0,1.5,5620000000.0,5.70,5.80,7.40,9240000000.0,9.68,17460000000.0,0.67,34.02,117.36,1.5,1.56,92.40,10730000.0,3.00,1.10,12010000.0,N/A
208,N/A,N/A,unp,N/A,N/A,N/A,N/A,N/A,54.18,18.63,3.94,4.47,21.59,36.49,10.68,1.5,26.74,94410000000.0,104310000000.0,14.46,1.20,4.35,9.79,4.35,17890000000.0,1.5,5180000000.0,5.75,21.90,9.30,1590000000.0,1.80,11480000000.0,1.24,23.99,107.13,1.5,0.29,82.80,7470000.0,2.20,0.80,6250000.0,N/A
209,N/A,N/A,ups,N/A,N/A,N/A,N/A,N/A,501.85,29.41,1.50,40.85,5.21,8.49,8.62,1.5,63.57,87070000000.0,94610000000.0,16.72,2.00,1.63,13.78,1.63,43470000000.0,1.5,3030000000.0,3.28,61.20,6.10,3280000000.0,3.64,10830000000.0,1.37,2.36,96.47,1.5,0.03,70.90,7900000.0,2.80,1.10,9060000.0,N/A
210,N/A,N/A,utx,N/A,N/A,N/A,N/A,N/A,60.53,17.17,1.62,3.38,9.55,15.28,6.84,1.5,72.47,106260000000.0,120810000000.0,15.19,1.82,1.86,10.19,1.86,17650000000.0,1.5,6220000000.0,6.82,0.70,1.40,5240000000.0,5.77,19790000000.0,1.30,34.32,117.13,1.5,0.11,83.20,27190000.0,7.70,3.40,9370000.0,N/A
211,N/A,N/A,vlo,N/A,N/A,N/A,N/A,N/A,30.06,8.73,0.25,1.58,2.77,4.51,7.95,1.5,248.75,30790000000.0,33490000000.000004,9.55,1.89,0.26,4.41,0.26,12700000000.0,1.5,3690000000.0,6.85,10.30,19.10,3690000000.0,7.17,6390000000.0,1.67,40.20,59.80,1.5,0.50,82.80,16440000.000000002,2.10,3.20,18350000.0,N/A
212,N/A,N/A,vmc,N/A,N/A,N/A,N/A,N/A,48.02,54.64,3.72,2.66,6.84,9.94,2.28,1.5,22.78,11140000000.0,13000000000.0,26.10,4.56,4.34,22.62,4.34,587580000.0,1.5,207150000.0,1.54,318.60,11.00,141270000.0,1.07,2009999999.9999998,2.04,31.66,84.31,1.5,0.28,89.20,3900000.0,3.30,3.50,3190000.0,N/A
213,N/A,N/A,wat,N/A,N/A,N/A,N/A,N/A,77.33,24.50,5.15,5.42,21.70,27.35,9.12,1.5,23.58,10310000000.0,9720000000.0,19.90,2.41,4.89,15.23,4.89,1160000000.0,1.5,431620000.0,5.07,6.90,3.30,2060000000.0,24.76,1470000000.0,4.91,22.79,124.20,1.5,4.15,95.50,2100000.0,5.70,3.00,2120000.0,N/A
214,N/A,N/A,wdc,N/A,N/A,N/A,N/A,N/A,26.15,14.39,1.41,2.36,10.23,12.07,7.53,1.5,65.03,21490000000.0,18720000000.0,10.53,1.57,1.23,6.18,1.23,4360000000.0,1.5,1550000000.0,6.46,1.90,2.10,5140000000.0,22.26,2380000000.0,2.63,39.15,93.00,1.5,5.76,88.30,2520000.0,1.30,1.10,2820000.0,N/A
215,N/A,N/A,wmt,N/A,N/A,N/A,N/A,N/A,58.63,15.99,0.54,3.20,3.37,5.59,8.31,1.5,150.36,260760000000.0,302000000000.0,15.62,3.53,0.62,8.32,0.62,118220000000.0,1.5,16079999999.999998,5.05,12.10,1.40,9140000000.0,2.83,50380000000.0,0.97,25.20,80.73,1.5,51.24,30.40,21050000.0,3.10,1.30,21510000.0,N/A
216,N/A,N/A,wu,N/A,N/A,N/A,N/A,N/A,286.24,13.15,1.91,8.24,15.20,20.88,7.31,1.5,10.51,10900000000.0,12840000000.0,12.30,1.48,2.29,8.90,2.29,2310000000.0,1.5,852400000.0,1.59,27.70,0.80,1790000000.0,3.43,3720000000.0,2.08,2.49,20.91,1.5,0.14,107.90,81730000.0,13.70,17.20,78340000.0,N/A
217,N/A,N/A,x,N/A,N/A,N/A,N/A,N/A,92.05,35.74,0.20,0.91,0.58,5.19,4.46,1.5,120.60,3590000000.0,5740000000.0,11.97,11.87,0.33,3.73,0.33,2049999999.9999998,1.5,102000000.0,0.69,7.40,4.60,1350000000.0,9.30,3500000000.0,1.80,26.07,24.66,1.5,0.69,81.30,45870000.0,5.90,31.60,42780000.0,N/A
218,N/A,N/A,xl,N/A,N/A,N/A,N/A,N/A,14.54,53.74,1.43,0.94,2.85,15.43,1.40,1.5,24.71,9460000000.0,8350000000.0,10.45,2.32,1.27,7.77,1.27,2360000000.0,1.5,188340000.0,0.69,53.60,24.40,2780000000.0,10.89,1660000000.0,0.54,39.32,37.08,1.5,0.31,95.30,15400000.0,5.10,6.00,10720000.0,N/A
219,N/A,N/A,xlnx,N/A,N/A,N/A,N/A,N/A,58.65,17.69,4.51,4.09,27.58,32.37,9.91,1.5,9.11,10990000000.0,9640000000.0,18.53,2.50,3.97,11.20,3.97,1640000000.0,1.5,669620000.0,2.38,4.20,1.10,2920000000.0,11.17,1570000000.0,3.85,10.24,42.06,1.5,0.21,92.60,11610000.0,3.60,4.30,9410000.0,N/A
220,N/A,N/A,xom,N/A,N/A,N/A,N/A,N/A,16.08,11.10,0.96,2.03,8.80,10.49,6.96,1.5,86.28,353610000000.0,378120000000.0,15.73,19.34,1.02,6.75,1.02,127270000000.0,1.5,32520000000.000004,7.60,21.30,23.40,4620000000.0,1.10,29120000000.0,0.82,41.51,84.30,1.5,0.12,51.40,44400000.0,3.20,1.00,42340000.0,N/A
221,N/A,N/A,xyl,N/A,N/A,N/A,N/A,N/A,60.56,19.56,1.65,3.03,8.61,12.49,6.26,1.5,21.39,6520000000.0,7150000000.0,16.80,2.04,1.83,11.33,1.83,1510000000.0,1.5,337000000.0,1.83,41.20,0.90,663000000.0,3.64,1290000000.0,2.32,11.67,35.79,1.5,0.54,91.00,2550000.0,2.70,1.60,2490000.0,N/A
222,N/A,N/A,yhoo,N/A,N/A,N/A,N/A,N/A,3.14,5.93,8.95,1.07,162.87,5.13,0.38,1.5,4.68,41330000000.0,34550000000.0,49.06,4.70,7.48,50.63,7.48,3320000000.0,1.5,7520000000.0,7.45,52.20,1.00,8000000000.0,8.54,1220000000.0,2.14,41.35,44.15,1.5,13.38,61.60,27930000.0,2.20,3.40,27360000.0,N/A
223,N/A,N/A,zmh,N/A,N/A,N/A,N/A,N/A,22.76,27.90,4.22,3.02,15.41,30.35,9.23,1.5,27.65,19860000000.0,19650000000.0,17.35,2.70,4.21,10.99,4.21,3420000000.0,1.5,720100000.0,4.19,33.60,1.40,1700000000.0,9.98,1480000000.0,4.13,38.42,116.92,1.5,0.19,85.30,4390000.0,4.30,2.60,4370000.0,N/A
